Participant,Age,Gender,source_valence_condition,IAT_Score,EC_Effect_CS1_CS2_Difference_Score,intention,color_valence_contingency_memory,US_contingency_memory,hypothesis_awareness,influence_awareness,reactance_IAT,reactance_self_reports,demand_IAT,demand_self_reports
17,24,Male    ,CS1_Positive_CS2_Negative,-0.452804989,2,Morag,TRUE,TRUE,TRUE,TRUE,FALSE,FALSE,FALSE,FALSE
19,31,Female  ,CS1_Positive_CS2_Negative,0.301849535,2.75,Morag,TRUE,TRUE,FALSE,TRUE,FALSE,FALSE,FALSE,FALSE
20,26,Female  ,CS1_Positive_CS2_Negative,-0.48087746,1.25,bothMoragandStruan,FALSE,TRUE,TRUE,TRUE,FALSE,FALSE,FALSE,FALSE
23,25,Female  ,CS2_Positive_CS1_Negative,-0.453521767,-3,bothMoragandStruan,TRUE,TRUE,TRUE,TRUE,FALSE,FALSE,FALSE,FALSE
25,19,Male    ,CS1_Positive_CS2_Negative,-0.002187494,0.75,neitherBrand,FALSE,TRUE,FALSE,FALSE,FALSE,FALSE,FALSE,FALSE
35,35,Male    ,CS1_Positive_CS2_Negative,0.520146743,5,Morag,TRUE,TRUE,TRUE,TRUE,FALSE,FALSE,FALSE,FALSE
36,30,Female  ,CS1_Positive_CS2_Negative,0.505704424,5.75,Morag,TRUE,TRUE,TRUE,TRUE,FALSE,FALSE,FALSE,FALSE
48,40,Female  ,CS2_Positive_CS1_Negative,-0.261421592,-0.5,neitherBrand,TRUE,TRUE,FALSE,FALSE,FALSE,FALSE,FALSE,FALSE
51,19,Male    ,CS1_Positive_CS2_Negative,0.692130645,4,neitherBrand,TRUE,TRUE,TRUE,TRUE,FALSE,FALSE,FALSE,FALSE
52,29,Female  ,CS1_Positive_CS2_Negative,-0.249655323,6,Morag,TRUE,TRUE,TRUE,TRUE,FALSE,FALSE,FALSE,FALSE
59,35,Male    ,CS1_Positive_CS2_Negative,1.285920369,9,Morag,TRUE,TRUE,TRUE,TRUE,FALSE,FALSE,FALSE,FALSE
65,32,Male    ,CS1_Positive_CS2_Negative,0.316376131,3.75,Morag,TRUE,TRUE,TRUE,TRUE,FALSE,FALSE,FALSE,FALSE
67,30,Female  ,CS1_Positive_CS2_Negative,0.100568103,3,bothMoragandStruan,TRUE,TRUE,TRUE,TRUE,FALSE,FALSE,FALSE,FALSE
71,28,Male    ,CS2_Positive_CS1_Negative,-0.633589447,0,Idon'tknow,TRUE,TRUE,TRUE,FALSE,FALSE,FALSE,FALSE,FALSE
72,37,Female  ,CS2_Positive_CS1_Negative,0.500496413,3.5,neitherBrand,FALSE,TRUE,FALSE,FALSE,FALSE,FALSE,FALSE,FALSE
73,37,Male    ,CS1_Positive_CS2_Negative,0.392904599,10,Morag,TRUE,TRUE,TRUE,TRUE,FALSE,FALSE,FALSE,FALSE
75,34,Male    ,CS1_Positive_CS2_Negative,-0.441195852,0,Struan,TRUE,TRUE,TRUE,FALSE,FALSE,FALSE,FALSE,FALSE
81,22,Male    ,CS1_Positive_CS2_Negative,-0.231629299,8,Morag,TRUE,TRUE,TRUE,TRUE,FALSE,FALSE,FALSE,FALSE
82,32,Female  ,CS1_Positive_CS2_Negative,-0.355763728,0.25,Idon'tknow,FALSE,TRUE,FALSE,FALSE,FALSE,FALSE,FALSE,FALSE
83,38,Female  ,CS1_Positive_CS2_Negative,0.400028088,10,Morag,TRUE,TRUE,TRUE,TRUE,FALSE,FALSE,FALSE,FALSE
85,40,Female  ,CS2_Positive_CS1_Negative,0.852352473,0.25,bothMoragandStruan,FALSE,TRUE,FALSE,FALSE,FALSE,FALSE,FALSE,FALSE
86,26,Female  ,CS2_Positive_CS1_Negative,-0.442771217,0,Struan,TRUE,TRUE,TRUE,FALSE,FALSE,FALSE,FALSE,FALSE
89,22,Female  ,CS1_Positive_CS2_Negative,0.298320555,7.25,neitherBrand,TRUE,TRUE,TRUE,TRUE,FALSE,FALSE,FALSE,FALSE
92,34,Female  ,CS1_Positive_CS2_Negative,0.189159429,7.75,neitherBrand,TRUE,TRUE,TRUE,TRUE,FALSE,FALSE,FALSE,FALSE
93,29,Female  ,CS2_Positive_CS1_Negative,0.465237887,1,Morag,FALSE,FALSE,FALSE,TRUE,FALSE,FALSE,FALSE,FALSE
100,24,Female  ,CS1_Positive_CS2_Negative,0.297775538,2,neitherBrand,TRUE,TRUE,TRUE,TRUE,FALSE,FALSE,FALSE,FALSE
101,32,Male    ,CS2_Positive_CS1_Negative,-0.225979314,-1,bothMoragandStruan,FALSE,TRUE,FALSE,TRUE,FALSE,FALSE,FALSE,FALSE
104,25,Female  ,CS2_Positive_CS1_Negative,-0.331397111,-1,bothMoragandStruan,FALSE,TRUE,TRUE,FALSE,FALSE,FALSE,FALSE,FALSE
108,33,Female  ,CS1_Positive_CS2_Negative,0.573104262,10,Morag,TRUE,TRUE,TRUE,FALSE,FALSE,FALSE,FALSE,FALSE
109,27,Female  ,CS2_Positive_CS1_Negative,-0.09033298,-8.25,bothMoragandStruan,TRUE,TRUE,TRUE,TRUE,FALSE,FALSE,FALSE,FALSE
112,39,Male    ,CS2_Positive_CS1_Negative,-0.183168574,-1.5,Struan,TRUE,FALSE,TRUE,TRUE,FALSE,FALSE,FALSE,FALSE
116,35,Male    ,CS1_Positive_CS2_Negative,-0.001161119,2,Morag,TRUE,TRUE,TRUE,TRUE,FALSE,FALSE,FALSE,FALSE
122,36,Female  ,CS1_Positive_CS2_Negative,-0.544607519,0,Struan,FALSE,TRUE,FALSE,FALSE,FALSE,FALSE,FALSE,FALSE
124,32,Male    ,CS1_Positive_CS2_Negative,-0.059993705,-3.75,Morag,TRUE,FALSE,TRUE,TRUE,FALSE,FALSE,FALSE,FALSE
125,24,Male    ,CS2_Positive_CS1_Negative,-0.056248404,-2,Struan,FALSE,TRUE,FALSE,FALSE,FALSE,FALSE,FALSE,FALSE
128,31,Female  ,CS2_Positive_CS1_Negative,-0.327918856,-6,Struan,FALSE,FALSE,TRUE,TRUE,FALSE,FALSE,FALSE,FALSE
129,34,Male    ,CS1_Positive_CS2_Negative,0.25741688,9,Morag,TRUE,TRUE,TRUE,TRUE,FALSE,FALSE,FALSE,FALSE
133,40,Female  ,CS2_Positive_CS1_Negative,0.077875709,0,neitherBrand,FALSE,TRUE,FALSE,FALSE,FALSE,FALSE,FALSE,FALSE
136,24,Male    ,CS2_Positive_CS1_Negative,-0.520996472,-2.25,bothMoragandStruan,TRUE,TRUE,TRUE,TRUE,FALSE,FALSE,FALSE,FALSE
138,23,Male    ,CS1_Positive_CS2_Negative,-0.631892272,-2.75,neitherBrand,FALSE,TRUE,TRUE,TRUE,FALSE,FALSE,FALSE,FALSE
143,33,Male    ,CS2_Positive_CS1_Negative,-0.909879434,0,Morag,TRUE,TRUE,TRUE,FALSE,FALSE,FALSE,FALSE,FALSE
144,25,Male    ,CS2_Positive_CS1_Negative,-0.663520205,0,bothMoragandStruan,FALSE,TRUE,FALSE,TRUE,FALSE,FALSE,FALSE,FALSE
145,39,Female  ,CS1_Positive_CS2_Negative,1.333103495,-1.25,Struan,TRUE,TRUE,FALSE,FALSE,FALSE,FALSE,FALSE,FALSE
146,23,Male    ,CS1_Positive_CS2_Negative,-0.525905275,-0.75,Morag,FALSE,TRUE,FALSE,FALSE,FALSE,FALSE,FALSE,FALSE
147,31,Male    ,CS1_Positive_CS2_Negative,-0.205854882,-8,Struan,TRUE,TRUE,TRUE,FALSE,FALSE,FALSE,FALSE,FALSE
148,30,Female  ,CS1_Positive_CS2_Negative,-0.480397889,8.25,Morag,TRUE,TRUE,TRUE,TRUE,FALSE,FALSE,FALSE,FALSE
151,25,Female  ,CS2_Positive_CS1_Negative,-0.367589312,0,bothMoragandStruan,FALSE,TRUE,FALSE,FALSE,FALSE,FALSE,FALSE,FALSE
154,19,Female  ,CS1_Positive_CS2_Negative,0.507756306,2.5,bothMoragandStruan,TRUE,TRUE,TRUE,TRUE,FALSE,FALSE,FALSE,FALSE
161,30,Male    ,CS1_Positive_CS2_Negative,0.275304943,-5.75,Struan,FALSE,TRUE,FALSE,TRUE,FALSE,FALSE,FALSE,FALSE
171,38,Male    ,CS1_Positive_CS2_Negative,0.350507531,8,Morag,TRUE,TRUE,TRUE,FALSE,FALSE,FALSE,FALSE,FALSE
173,39,Male    ,CS2_Positive_CS1_Negative,0.030122416,-6,Struan,FALSE,TRUE,FALSE,FALSE,FALSE,FALSE,FALSE,FALSE
176,33,Female  ,CS2_Positive_CS1_Negative,0.137373047,2,neitherBrand,FALSE,TRUE,FALSE,FALSE,FALSE,FALSE,FALSE,FALSE
178,24,Female  ,CS1_Positive_CS2_Negative,-0.327536201,1.25,Struan,FALSE,TRUE,FALSE,FALSE,FALSE,FALSE,FALSE,FALSE
182,30,Female  ,CS2_Positive_CS1_Negative,-0.220142402,0,Struan,TRUE,TRUE,TRUE,FALSE,FALSE,FALSE,FALSE,FALSE
186,35,Male    ,CS1_Positive_CS2_Negative,0.629167612,9.5,Morag,TRUE,TRUE,TRUE,TRUE,FALSE,FALSE,FALSE,FALSE
192,30,Male    ,CS2_Positive_CS1_Negative,-0.715032365,0.25,bothMoragandStruan,TRUE,FALSE,TRUE,TRUE,FALSE,FALSE,FALSE,FALSE
193,27,Male    ,CS1_Positive_CS2_Negative,-0.103714544,-2.5,neitherBrand,FALSE,TRUE,FALSE,FALSE,FALSE,FALSE,FALSE,FALSE
198,32,Female  ,CS2_Positive_CS1_Negative,-0.267250545,-2.25,Morag,FALSE,FALSE,FALSE,TRUE,FALSE,FALSE,FALSE,FALSE
206,33,Male    ,CS2_Positive_CS1_Negative,-0.681276614,4,bothMoragandStruan,FALSE,FALSE,FALSE,FALSE,FALSE,FALSE,FALSE,FALSE
210,19,Male    ,CS1_Positive_CS2_Negative,0.617676375,6.75,bothMoragandStruan,TRUE,TRUE,TRUE,FALSE,FALSE,FALSE,FALSE,FALSE
212,22,Male    ,CS1_Positive_CS2_Negative,0.035881896,-2.5,Morag,FALSE,TRUE,FALSE,FALSE,FALSE,FALSE,FALSE,FALSE
214,31,Male    ,CS2_Positive_CS1_Negative,0.055333741,1.25,bothMoragandStruan,FALSE,TRUE,FALSE,FALSE,FALSE,FALSE,FALSE,FALSE
215,27,Female  ,CS2_Positive_CS1_Negative,-0.672606854,-9,Struan,TRUE,TRUE,TRUE,TRUE,FALSE,FALSE,FALSE,FALSE
218,26,Male    ,CS1_Positive_CS2_Negative,-0.783310973,4,Struan,TRUE,FALSE,TRUE,TRUE,FALSE,FALSE,FALSE,FALSE
221,24,Female  ,CS2_Positive_CS1_Negative,-0.700660278,-10,Struan,TRUE,FALSE,TRUE,TRUE,FALSE,FALSE,FALSE,FALSE
222,21,Female  ,CS2_Positive_CS1_Negative,-0.77888951,-8.25,neitherBrand,TRUE,TRUE,TRUE,TRUE,FALSE,FALSE,FALSE,FALSE
225,38,Male    ,CS1_Positive_CS2_Negative,0.382799106,6.5,Morag,TRUE,FALSE,TRUE,TRUE,FALSE,FALSE,FALSE,FALSE
236,28,Female  ,CS1_Positive_CS2_Negative,0.674911311,8,bothMoragandStruan,TRUE,TRUE,TRUE,TRUE,FALSE,FALSE,FALSE,FALSE
237,32,Female  ,CS2_Positive_CS1_Negative,-0.507937425,-5,neitherBrand,TRUE,TRUE,TRUE,TRUE,FALSE,FALSE,FALSE,FALSE
238,24,Male    ,CS2_Positive_CS1_Negative,0.209734607,2.75,neitherBrand,FALSE,TRUE,FALSE,TRUE,FALSE,FALSE,FALSE,FALSE
239,29,Male    ,CS2_Positive_CS1_Negative,-0.32703457,-1,bothMoragandStruan,FALSE,TRUE,FALSE,FALSE,FALSE,FALSE,FALSE,FALSE
240,33,Female  ,CS2_Positive_CS1_Negative,-0.480796585,-10,Struan,FALSE,TRUE,TRUE,FALSE,FALSE,FALSE,FALSE,FALSE
245,40,Male    ,CS2_Positive_CS1_Negative,-0.925291444,-10,Struan,TRUE,TRUE,TRUE,TRUE,FALSE,FALSE,FALSE,FALSE
246,38,Male    ,CS2_Positive_CS1_Negative,-0.782302787,-8,Struan,TRUE,TRUE,TRUE,TRUE,FALSE,FALSE,FALSE,FALSE
250,34,Male    ,CS1_Positive_CS2_Negative,-0.649985114,-4.25,bothMoragandStruan,FALSE,FALSE,FALSE,FALSE,FALSE,FALSE,FALSE,FALSE
255,19,Male    ,CS2_Positive_CS1_Negative,-0.013877243,-2.75,bothMoragandStruan,FALSE,TRUE,FALSE,FALSE,FALSE,FALSE,FALSE,FALSE
264,35,Male    ,CS2_Positive_CS1_Negative,-0.709255363,0,bothMoragandStruan,TRUE,TRUE,TRUE,FALSE,FALSE,FALSE,FALSE,FALSE
265,22,Female  ,CS1_Positive_CS2_Negative,0.055244372,0,Morag,TRUE,TRUE,TRUE,TRUE,FALSE,FALSE,FALSE,FALSE
270,38,Female  ,CS2_Positive_CS1_Negative,-0.333882695,7.5,Morag,TRUE,TRUE,TRUE,TRUE,FALSE,FALSE,FALSE,FALSE
272,28,Female  ,CS2_Positive_CS1_Negative,-0.718726532,-10,Struan,TRUE,TRUE,TRUE,TRUE,FALSE,FALSE,FALSE,FALSE
279,18,Male    ,CS2_Positive_CS1_Negative,-0.064146505,0,bothMoragandStruan,TRUE,TRUE,TRUE,FALSE,FALSE,FALSE,FALSE,FALSE
284,23,Female  ,CS1_Positive_CS2_Negative,-0.571868687,-5.25,Struan,FALSE,FALSE,FALSE,FALSE,FALSE,FALSE,FALSE,FALSE
287,33,Female  ,CS2_Positive_CS1_Negative,0.559268454,2.5,bothMoragandStruan,FALSE,TRUE,TRUE,FALSE,FALSE,FALSE,FALSE,FALSE
297,29,Female  ,CS1_Positive_CS2_Negative,-0.002861882,10,Morag,TRUE,TRUE,TRUE,TRUE,FALSE,FALSE,FALSE,FALSE
306,31,Female  ,CS1_Positive_CS2_Negative,-0.033894628,3.75,Morag,TRUE,FALSE,FALSE,TRUE,FALSE,FALSE,FALSE,FALSE
312,26,Female  ,CS2_Positive_CS1_Negative,0.311550968,1.25,Morag,FALSE,TRUE,TRUE,FALSE,FALSE,FALSE,FALSE,FALSE
315,24,Male    ,CS1_Positive_CS2_Negative,0.996930902,6,Idon'tknow,FALSE,FALSE,FALSE,TRUE,FALSE,FALSE,FALSE,FALSE
316,27,Male    ,CS1_Positive_CS2_Negative,-0.276696512,4,Morag,TRUE,TRUE,TRUE,TRUE,FALSE,FALSE,FALSE,FALSE
318,25,Male    ,CS2_Positive_CS1_Negative,-0.362643833,-1,Morag,FALSE,TRUE,FALSE,FALSE,FALSE,FALSE,FALSE,FALSE
321,41,Male    ,CS1_Positive_CS2_Negative,-0.066162058,0,Morag,FALSE,TRUE,FALSE,FALSE,FALSE,FALSE,FALSE,FALSE
325,34,Female  ,CS2_Positive_CS1_Negative,0.405358119,0,bothMoragandStruan,TRUE,FALSE,FALSE,FALSE,FALSE,FALSE,FALSE,FALSE
335,23,Female  ,CS2_Positive_CS1_Negative,0.390996811,1.5,neitherBrand,FALSE,TRUE,TRUE,TRUE,FALSE,FALSE,FALSE,FALSE
339,29,Female  ,CS1_Positive_CS2_Negative,0.908105961,1.25,Morag,TRUE,FALSE,TRUE,TRUE,FALSE,FALSE,FALSE,FALSE
346,24,Female  ,CS1_Positive_CS2_Negative,0.382121553,9,Morag,TRUE,TRUE,TRUE,TRUE,FALSE,FALSE,FALSE,FALSE
347,27,Female  ,CS1_Positive_CS2_Negative,-0.376850538,8.25,Morag,TRUE,TRUE,TRUE,TRUE,FALSE,FALSE,FALSE,FALSE
349,31,Female  ,CS2_Positive_CS1_Negative,0.090403924,-1.25,neitherBrand,TRUE,TRUE,TRUE,FALSE,FALSE,FALSE,FALSE,FALSE
350,26,Female  ,CS2_Positive_CS1_Negative,-0.12171239,-5.5,bothMoragandStruan,TRUE,TRUE,TRUE,TRUE,FALSE,FALSE,FALSE,FALSE
352,37,Female  ,CS2_Positive_CS1_Negative,0.469830929,0,Struan,FALSE,FALSE,FALSE,FALSE,FALSE,FALSE,FALSE,FALSE
353,27,Male    ,CS1_Positive_CS2_Negative,-0.513568605,-2,neitherBrand,FALSE,TRUE,FALSE,FALSE,FALSE,FALSE,FALSE,FALSE
355,29,Female  ,CS1_Positive_CS2_Negative,0.321880786,-2,neitherBrand,FALSE,TRUE,FALSE,FALSE,FALSE,FALSE,FALSE,FALSE
362,39,Female  ,CS1_Positive_CS2_Negative,-0.38221793,0.5,bothMoragandStruan,TRUE,TRUE,TRUE,TRUE,FALSE,FALSE,FALSE,FALSE
377,29,Male    ,CS1_Positive_CS2_Negative,-0.298358617,-2.5,Struan,FALSE,FALSE,FALSE,FALSE,FALSE,FALSE,FALSE,FALSE
380,23,Male    ,CS1_Positive_CS2_Negative,-0.854529373,1,Morag,TRUE,TRUE,TRUE,FALSE,FALSE,FALSE,FALSE,FALSE
382,22,Female  ,CS2_Positive_CS1_Negative,0.951479363,3,neitherBrand,FALSE,TRUE,TRUE,TRUE,FALSE,FALSE,FALSE,FALSE
384,31,Male    ,CS2_Positive_CS1_Negative,-0.472493798,1,Morag,TRUE,TRUE,TRUE,FALSE,FALSE,FALSE,FALSE,FALSE
387,34,Male    ,CS1_Positive_CS2_Negative,0.786894034,10,Morag,TRUE,TRUE,TRUE,TRUE,FALSE,FALSE,FALSE,FALSE
389,27,Male    ,CS2_Positive_CS1_Negative,0.461810185,0.25,neitherBrand,TRUE,TRUE,TRUE,TRUE,FALSE,FALSE,FALSE,FALSE
401,20,Male    ,CS1_Positive_CS2_Negative,1.5156e-4,-1.5,Struan,FALSE,TRUE,FALSE,FALSE,FALSE,FALSE,FALSE,FALSE
402,20,Male    ,CS1_Positive_CS2_Negative,-0.093382089,7.25,Morag,TRUE,TRUE,TRUE,TRUE,FALSE,FALSE,FALSE,FALSE
405,33,Male    ,CS2_Positive_CS1_Negative,-0.37143642,2.25,Morag,FALSE,FALSE,FALSE,TRUE,FALSE,FALSE,FALSE,FALSE
416,33,Female  ,CS2_Positive_CS1_Negative,-0.115620948,-3.25,Struan,TRUE,TRUE,TRUE,TRUE,FALSE,FALSE,FALSE,FALSE
417,34,Female  ,CS1_Positive_CS2_Negative,0.302900547,10,Idon'tknow,TRUE,TRUE,TRUE,TRUE,FALSE,FALSE,FALSE,FALSE
421,22,Male    ,CS2_Positive_CS1_Negative,0.198901044,0.75,Morag,FALSE,FALSE,TRUE,TRUE,FALSE,FALSE,FALSE,FALSE
426,26,Female  ,CS1_Positive_CS2_Negative,0.471391619,10,Morag,TRUE,TRUE,TRUE,TRUE,FALSE,FALSE,FALSE,FALSE
439,30,Male    ,CS2_Positive_CS1_Negative,0.240005946,-0.75,neitherBrand,FALSE,TRUE,FALSE,TRUE,FALSE,FALSE,FALSE,FALSE
455,35,Male    ,CS2_Positive_CS1_Negative,-0.074169824,-2,neitherBrand,FALSE,FALSE,TRUE,FALSE,FALSE,FALSE,FALSE,FALSE
457,24,Female  ,CS1_Positive_CS2_Negative,0.707416781,10,Morag,TRUE,FALSE,TRUE,TRUE,FALSE,FALSE,FALSE,FALSE
461,33,Female  ,CS2_Positive_CS1_Negative,-0.208820195,-10,bothMoragandStruan,TRUE,TRUE,TRUE,TRUE,FALSE,FALSE,FALSE,FALSE
469,29,Male    ,CS2_Positive_CS1_Negative,-0.316768393,0,bothMoragandStruan,FALSE,FALSE,FALSE,FALSE,FALSE,FALSE,FALSE,FALSE
478,24,Female  ,CS2_Positive_CS1_Negative,-0.05155855,-5.5,Morag,FALSE,TRUE,FALSE,FALSE,FALSE,FALSE,FALSE,FALSE
483,26,Female  ,CS1_Positive_CS2_Negative,-0.145779986,4,neitherBrand,TRUE,FALSE,TRUE,TRUE,FALSE,FALSE,FALSE,FALSE
485,36,Male    ,CS2_Positive_CS1_Negative,0.051615356,-4,neitherBrand,TRUE,TRUE,TRUE,TRUE,FALSE,FALSE,FALSE,FALSE
492,39,Female  ,CS1_Positive_CS2_Negative,0.485508049,0,Idon'tknow,TRUE,TRUE,FALSE,FALSE,FALSE,FALSE,FALSE,FALSE
502,38,Male    ,CS2_Positive_CS1_Negative,-0.203740105,-7.25,bothMoragandStruan,TRUE,TRUE,TRUE,TRUE,FALSE,FALSE,FALSE,FALSE
504,27,Female  ,CS2_Positive_CS1_Negative,0.095343989,-0.25,neitherBrand,FALSE,TRUE,FALSE,FALSE,FALSE,FALSE,FALSE,FALSE
515,30,Female  ,CS1_Positive_CS2_Negative,0.391114767,10,Morag,TRUE,TRUE,TRUE,TRUE,FALSE,FALSE,FALSE,FALSE
527,40,Male    ,CS2_Positive_CS1_Negative,-0.380724213,-5,neitherBrand,TRUE,TRUE,TRUE,TRUE,FALSE,FALSE,FALSE,FALSE
537,19,Female  ,CS1_Positive_CS2_Negative,-0.12622955,1.25,neitherBrand,FALSE,FALSE,FALSE,TRUE,FALSE,FALSE,FALSE,FALSE
542,22,Male    ,CS2_Positive_CS1_Negative,-0.434926323,-9.5,Struan,TRUE,TRUE,TRUE,TRUE,FALSE,FALSE,FALSE,TRUE
11,19,Male    ,CS1_Positive_CS2_Negative,0.229050803,0,bothMoragandStruan,FALSE,TRUE,TRUE,TRUE,FALSE,FALSE,FALSE,TRUE
16,21,Male    ,CS2_Positive_CS1_Negative,-0.510704193,-5.75,Struan,FALSE,TRUE,TRUE,FALSE,FALSE,FALSE,FALSE,TRUE
30,32,Male    ,CS2_Positive_CS1_Negative,-0.557218721,1.75,Struan,TRUE,TRUE,TRUE,FALSE,FALSE,FALSE,FALSE,TRUE
42,35,Female  ,CS1_Positive_CS2_Negative,0.317708527,4.25,bothMoragandStruan,TRUE,TRUE,TRUE,TRUE,FALSE,FALSE,FALSE,TRUE
121,40,Male    ,CS1_Positive_CS2_Negative,-0.33800727,8,Morag,TRUE,TRUE,TRUE,TRUE,FALSE,FALSE,FALSE,TRUE
150,26,Male    ,CS2_Positive_CS1_Negative,-0.939270826,-4,Struan,TRUE,TRUE,TRUE,TRUE,FALSE,FALSE,FALSE,TRUE
229,40,Male    ,CS2_Positive_CS1_Negative,-1.072555209,-6.5,bothMoragandStruan,TRUE,TRUE,TRUE,TRUE,FALSE,FALSE,FALSE,TRUE
248,24,Male    ,CS2_Positive_CS1_Negative,-0.628423188,-6,bothMoragandStruan,TRUE,FALSE,TRUE,FALSE,FALSE,FALSE,FALSE,TRUE
326,39,Male    ,CS2_Positive_CS1_Negative,-0.722005036,-2.25,Struan,FALSE,FALSE,FALSE,FALSE,FALSE,FALSE,FALSE,TRUE
330,34,Female  ,CS1_Positive_CS2_Negative,0.301440757,6,Morag,TRUE,FALSE,TRUE,TRUE,FALSE,FALSE,FALSE,TRUE
342,38,Male    ,CS2_Positive_CS1_Negative,-0.185924976,-0.25,neitherBrand,TRUE,FALSE,FALSE,FALSE,FALSE,FALSE,FALSE,TRUE
371,32,Female  ,CS1_Positive_CS2_Negative,0.286221827,10,Morag,TRUE,TRUE,TRUE,TRUE,FALSE,FALSE,FALSE,TRUE
419,36,Female  ,CS1_Positive_CS2_Negative,0.556244127,4.75,bothMoragandStruan,TRUE,FALSE,TRUE,TRUE,FALSE,FALSE,FALSE,TRUE
422,30,Female  ,CS2_Positive_CS1_Negative,0.475392603,0,bothMoragandStruan,TRUE,TRUE,TRUE,FALSE,FALSE,FALSE,FALSE,TRUE
450,27,Female  ,CS1_Positive_CS2_Negative,0.602881313,10,Morag,TRUE,TRUE,TRUE,TRUE,FALSE,FALSE,FALSE,TRUE
465,29,Female  ,CS1_Positive_CS2_Negative,0.350860383,10,Idon'tknow,TRUE,TRUE,TRUE,TRUE,FALSE,FALSE,FALSE,TRUE
467,26,Male    ,CS1_Positive_CS2_Negative,0.757056988,5.75,Morag,TRUE,TRUE,TRUE,TRUE,FALSE,FALSE,FALSE,TRUE
490,31,Female  ,CS1_Positive_CS2_Negative,0.002604327,6.25,bothMoragandStruan,TRUE,TRUE,TRUE,TRUE,FALSE,FALSE,FALSE,TRUE
493,33,Female  ,CS2_Positive_CS1_Negative,0.201652924,0.5,Idon'tknow,FALSE,TRUE,FALSE,FALSE,FALSE,FALSE,FALSE,TRUE
536,39,Female  ,CS2_Positive_CS1_Negative,-0.973692547,-9.25,Struan,TRUE,TRUE,TRUE,TRUE,FALSE,FALSE,FALSE,TRUE
105,29,Female  ,CS1_Positive_CS2_Negative,0.719771255,-1,neitherBrand,TRUE,TRUE,TRUE,FALSE,FALSE,FALSE,TRUE,FALSE
412,21,Female  ,CS1_Positive_CS2_Negative,0.364368852,5,neitherBrand,TRUE,TRUE,TRUE,TRUE,FALSE,FALSE,TRUE,FALSE
436,30,Female  ,CS1_Positive_CS2_Negative,0.453749774,3,bothMoragandStruan,TRUE,TRUE,TRUE,TRUE,FALSE,FALSE,TRUE,FALSE
10,25,Male    ,CS1_Positive_CS2_Negative,-0.126935865,0,Idon'tknow,TRUE,TRUE,TRUE,FALSE,FALSE,TRUE,FALSE,FALSE
39,41,Female  ,CS2_Positive_CS1_Negative,0.393067611,0,Idon'tknow,FALSE,TRUE,FALSE,FALSE,FALSE,TRUE,FALSE,FALSE
70,39,Male    ,CS2_Positive_CS1_Negative,-0.043280411,-0.5,neitherBrand,FALSE,FALSE,FALSE,FALSE,FALSE,TRUE,FALSE,FALSE
98,27,Male    ,CS1_Positive_CS2_Negative,0.120882069,10,neitherBrand,FALSE,TRUE,TRUE,TRUE,FALSE,TRUE,FALSE,FALSE
103,30,Female  ,CS2_Positive_CS1_Negative,0.246506254,-2.5,Struan,TRUE,FALSE,TRUE,FALSE,FALSE,TRUE,FALSE,FALSE
106,34,Male    ,CS1_Positive_CS2_Negative,0.595236828,0,Idon'tknow,TRUE,TRUE,TRUE,FALSE,FALSE,TRUE,FALSE,FALSE
157,23,Male    ,CS2_Positive_CS1_Negative,0.214937595,-0.75,Struan,FALSE,TRUE,FALSE,FALSE,FALSE,TRUE,FALSE,FALSE
163,40,Female  ,CS1_Positive_CS2_Negative,0.965352232,10,Morag,TRUE,TRUE,TRUE,TRUE,FALSE,TRUE,FALSE,FALSE
200,34,Male    ,CS2_Positive_CS1_Negative,-0.375767622,0,Morag,TRUE,TRUE,TRUE,FALSE,FALSE,TRUE,FALSE,FALSE
262,40,Female  ,CS2_Positive_CS1_Negative,-0.417146801,0,Idon'tknow,TRUE,FALSE,TRUE,FALSE,FALSE,TRUE,FALSE,FALSE
274,23,Male    ,CS1_Positive_CS2_Negative,-0.215249029,-5.75,bothMoragandStruan,TRUE,TRUE,TRUE,FALSE,FALSE,TRUE,FALSE,FALSE
305,29,Male    ,CS1_Positive_CS2_Negative,-0.345465203,-4.25,Morag,FALSE,TRUE,TRUE,TRUE,FALSE,TRUE,FALSE,FALSE
351,28,Female  ,CS2_Positive_CS1_Negative,-0.316459132,0,neitherBrand,TRUE,TRUE,TRUE,FALSE,FALSE,TRUE,FALSE,FALSE
360,31,Female  ,CS2_Positive_CS1_Negative,0.749115518,0.75,bothMoragandStruan,TRUE,TRUE,TRUE,FALSE,FALSE,TRUE,FALSE,FALSE
520,26,Female  ,CS2_Positive_CS1_Negative,-0.372790673,-0.25,bothMoragandStruan,FALSE,FALSE,FALSE,TRUE,FALSE,TRUE,FALSE,FALSE
452,39,Male    ,CS1_Positive_CS2_Negative,0.032876809,-4.25,bothMoragandStruan,FALSE,TRUE,FALSE,FALSE,FALSE,TRUE,FALSE,TRUE
509,22,Female  ,CS2_Positive_CS1_Negative,-0.519072858,-10,Struan,TRUE,TRUE,TRUE,TRUE,FALSE,TRUE,TRUE,TRUE
407,38,Female  ,CS2_Positive_CS1_Negative,0.780699506,8.5,Morag,FALSE,TRUE,TRUE,FALSE,TRUE,FALSE,FALSE,FALSE
289,40,Female  ,CS1_Positive_CS2_Negative,0.893775351,8.5,Morag,TRUE,FALSE,FALSE,FALSE,TRUE,FALSE,FALSE,TRUE
183,37,Male    ,CS2_Positive_CS1_Negative,0.370056161,0.25,Struan,FALSE,TRUE,TRUE,FALSE,TRUE,FALSE,TRUE,TRUE
253,30,Female  ,CS2_Positive_CS1_Negative,-0.137289974,-10,bothMoragandStruan,TRUE,FALSE,FALSE,TRUE,TRUE,FALSE,TRUE,TRUE
267,30,Male    ,CS1_Positive_CS2_Negative,0.152117439,10,bothMoragandStruan,TRUE,TRUE,TRUE,TRUE,TRUE,FALSE,TRUE,TRUE
361,33,Male    ,CS1_Positive_CS2_Negative,0.813888794,4.75,Struan,TRUE,TRUE,TRUE,TRUE,TRUE,FALSE,TRUE,TRUE
428,38,Male    ,CS1_Positive_CS2_Negative,-0.755750924,-1.25,Struan,FALSE,TRUE,FALSE,TRUE,TRUE,FALSE,TRUE,TRUE
53,19,Female  ,CS2_Positive_CS1_Negative,0.117942364,-8.25,bothMoragandStruan,TRUE,TRUE,TRUE,TRUE,TRUE,TRUE,FALSE,FALSE
63,33,Male    ,CS2_Positive_CS1_Negative,0.538465882,2.75,Struan,FALSE,FALSE,FALSE,FALSE,TRUE,TRUE,FALSE,FALSE
373,32,Female  ,CS2_Positive_CS1_Negative,-0.475618793,-2.25,Struan,FALSE,FALSE,FALSE,FALSE,TRUE,TRUE,FALSE,FALSE
400,40,Male    ,CS2_Positive_CS1_Negative,-0.20867262,-10,Struan,TRUE,FALSE,TRUE,TRUE,TRUE,TRUE,FALSE,FALSE
526,37,Female  ,CS2_Positive_CS1_Negative,-0.993790381,-10,Struan,TRUE,TRUE,TRUE,TRUE,TRUE,TRUE,FALSE,FALSE
538,39,Female  ,CS1_Positive_CS2_Negative,0.756487564,8.25,bothMoragandStruan,TRUE,TRUE,TRUE,FALSE,TRUE,TRUE,FALSE,FALSE
259,22,Male    ,CS1_Positive_CS2_Negative,0.919877546,6.75,Struan,TRUE,TRUE,TRUE,TRUE,TRUE,TRUE,TRUE,FALSE
364,40,Male    ,CS1_Positive_CS2_Negative,0.178698007,-8.75,Morag,FALSE,FALSE,TRUE,TRUE,TRUE,TRUE,TRUE,TRUE
367,35,Male    ,CS2_Positive_CS1_Negative,-0.204441023,1,Morag,FALSE,TRUE,FALSE,TRUE,TRUE,TRUE,TRUE,TRUE
398,36,Male    ,CS2_Positive_CS1_Negative,-0.652653119,-4,Struan,FALSE,FALSE,TRUE,TRUE,TRUE,TRUE,TRUE,TRUE
477,40,Male    ,CS2_Positive_CS1_Negative,-0.094866409,-0.25,Struan,FALSE,TRUE,FALSE,FALSE,TRUE,TRUE,TRUE,TRUE
