Participant,Age,Gender,source_valence_condition,IAT_Score,EC_Effect_CS1_CS2_Difference_Score,intention,us_valence_contingency_memory,CS_contingency_memory,hypothesis_awareness,influence_awareness,reactance_IAT,reactance_self_reports,demand_IAT,demand_self_reports
847,35,male    ,CS2_Positive_CS1_Negative,0.65469819,0,neitherBrand,TRUE,FALSE,FALSE,FALSE,FALSE,FALSE,FALSE,FALSE
773,20,male    ,CS2_Positive_CS1_Negative,-0.774536566,-10,Struan,FALSE,TRUE,TRUE,TRUE,FALSE,FALSE,TRUE,FALSE
166,21,male    ,CS2_Positive_CS1_Negative,-0.481789353,-2.25,Struan,FALSE,FALSE,FALSE,TRUE,FALSE,FALSE,FALSE,FALSE
268,23,male    ,CS1_Positive_CS2_Negative,0.504985563,5,Morag,TRUE,TRUE,TRUE,TRUE,FALSE,FALSE,FALSE,FALSE
346,24,other   ,CS1_Positive_CS2_Negative,-0.283255929,9.75,Morag,TRUE,TRUE,TRUE,TRUE,FALSE,FALSE,FALSE,FALSE
420,18,male    ,CS1_Positive_CS2_Negative,0.589645736,2.5,neitherBrand,FALSE,TRUE,TRUE,TRUE,FALSE,FALSE,FALSE,FALSE
479,23,female  ,CS2_Positive_CS1_Negative,-0.081913185,-5,Struan,TRUE,TRUE,TRUE,TRUE,FALSE,FALSE,FALSE,FALSE
506,20,female  ,CS1_Positive_CS2_Negative,-0.72842601,7.75,Morag,TRUE,TRUE,TRUE,TRUE,FALSE,FALSE,FALSE,FALSE
678,35,male    ,CS2_Positive_CS1_Negative,-0.049942073,-10,Struan,FALSE,TRUE,FALSE,FALSE,FALSE,FALSE,FALSE,FALSE
704,20,female  ,CS2_Positive_CS1_Negative,-0.123609174,-5,Morag,TRUE,TRUE,TRUE,TRUE,FALSE,FALSE,FALSE,FALSE
179,22,male    ,CS1_Positive_CS2_Negative,0.653692345,0.5,Morag,TRUE,FALSE,FALSE,FALSE,FALSE,FALSE,FALSE,FALSE
33,32,female  ,CS1_Positive_CS2_Negative,0.178840963,0,Struan,TRUE,TRUE,TRUE,FALSE,FALSE,FALSE,FALSE,FALSE
119,32,male    ,CS2_Positive_CS1_Negative,0.567334582,-6,Struan,FALSE,TRUE,FALSE,FALSE,FALSE,FALSE,FALSE,FALSE
226,29,male    ,CS1_Positive_CS2_Negative,-0.001675698,6,Morag,TRUE,TRUE,TRUE,FALSE,FALSE,FALSE,FALSE,FALSE
259,45,female  ,CS1_Positive_CS2_Negative,0.352441459,0,neitherBrand,TRUE,TRUE,TRUE,FALSE,FALSE,FALSE,FALSE,FALSE
303,18,male    ,CS2_Positive_CS1_Negative,-0.186893041,5.25,Struan,TRUE,TRUE,TRUE,TRUE,FALSE,FALSE,FALSE,FALSE
312,33,male    ,CS2_Positive_CS1_Negative,-0.095575715,-6,Struan,TRUE,TRUE,TRUE,FALSE,FALSE,FALSE,FALSE,FALSE
365,22,female  ,CS2_Positive_CS1_Negative,-0.4224663,-9.5,Struan,FALSE,FALSE,FALSE,FALSE,FALSE,FALSE,FALSE,FALSE
384,20,male    ,CS2_Positive_CS1_Negative,0.600914969,-1,Struan,FALSE,FALSE,FALSE,FALSE,FALSE,FALSE,FALSE,FALSE
406,22,female  ,CS2_Positive_CS1_Negative,-0.166788038,0,neitherBrand,FALSE,TRUE,FALSE,FALSE,FALSE,FALSE,FALSE,FALSE
463,34,female  ,CS2_Positive_CS1_Negative,1.113913645,-7,Morag,FALSE,TRUE,TRUE,TRUE,FALSE,FALSE,FALSE,FALSE
517,18,male    ,CS2_Positive_CS1_Negative,-0.007418576,0,Morag,TRUE,FALSE,FALSE,FALSE,FALSE,FALSE,FALSE,FALSE
549,18,female  ,CS2_Positive_CS1_Negative,-0.562530618,-6.75,Struan,FALSE,FALSE,TRUE,TRUE,FALSE,FALSE,FALSE,FALSE
560,19,female  ,CS2_Positive_CS1_Negative,0.125300953,2,neitherBrand,TRUE,FALSE,TRUE,FALSE,FALSE,FALSE,FALSE,FALSE
580,21,female  ,CS1_Positive_CS2_Negative,-0.527259234,0,neitherBrand,TRUE,FALSE,FALSE,FALSE,FALSE,FALSE,FALSE,FALSE
680,26,female  ,CS2_Positive_CS1_Negative,-0.103727806,-1,neitherBrand,FALSE,TRUE,TRUE,TRUE,FALSE,FALSE,FALSE,FALSE
763,24,female  ,CS1_Positive_CS2_Negative,1.10191993,6.75,neitherBrand,TRUE,TRUE,TRUE,TRUE,FALSE,FALSE,FALSE,FALSE
897,34,female  ,CS1_Positive_CS2_Negative,0.428954907,9.75,Morag,FALSE,TRUE,TRUE,TRUE,FALSE,FALSE,FALSE,FALSE
908,19,male    ,CS1_Positive_CS2_Negative,-0.448576452,-4,neitherBrand,TRUE,FALSE,TRUE,FALSE,FALSE,FALSE,FALSE,FALSE
923,27,female  ,CS1_Positive_CS2_Negative,0.571907597,6.5,Morag,TRUE,TRUE,TRUE,TRUE,FALSE,FALSE,FALSE,FALSE
935,29,male    ,CS2_Positive_CS1_Negative,0.749112603,0,Morag,FALSE,TRUE,FALSE,FALSE,FALSE,FALSE,FALSE,FALSE
937,21,male    ,CS1_Positive_CS2_Negative,1.090522105,10,Morag,TRUE,TRUE,TRUE,TRUE,FALSE,FALSE,FALSE,FALSE
949,31,male    ,CS2_Positive_CS1_Negative,-0.586118549,-10,Struan,TRUE,TRUE,TRUE,FALSE,FALSE,FALSE,FALSE,FALSE
972,26,female  ,CS1_Positive_CS2_Negative,0.352682478,0.5,Morag,TRUE,TRUE,TRUE,TRUE,FALSE,FALSE,FALSE,FALSE
54,20,female  ,CS2_Positive_CS1_Negative,-0.958155643,-2.25,Struan,TRUE,TRUE,TRUE,TRUE,FALSE,FALSE,FALSE,FALSE
163,19,female  ,CS1_Positive_CS2_Negative,0.364321243,3.25,neitherBrand,TRUE,FALSE,FALSE,FALSE,FALSE,FALSE,FALSE,FALSE
234,39,male    ,CS1_Positive_CS2_Negative,0.602713417,6.75,neitherBrand,TRUE,TRUE,TRUE,TRUE,FALSE,FALSE,FALSE,FALSE
371,22,male    ,CS1_Positive_CS2_Negative,0.711083192,2.75,Morag,FALSE,TRUE,TRUE,FALSE,FALSE,FALSE,FALSE,FALSE
601,30,male    ,CS1_Positive_CS2_Negative,0.519141177,0,neitherBrand,FALSE,FALSE,FALSE,FALSE,FALSE,FALSE,FALSE,FALSE
762,34,male    ,CS1_Positive_CS2_Negative,0.708511627,7.25,Morag,FALSE,TRUE,TRUE,FALSE,FALSE,FALSE,FALSE,FALSE
991,32,male    ,CS2_Positive_CS1_Negative,-0.326314137,-2.75,neitherBrand,TRUE,TRUE,TRUE,TRUE,FALSE,FALSE,FALSE,FALSE
228,30,male    ,CS1_Positive_CS2_Negative,1.0300998,0,neitherBrand,FALSE,TRUE,TRUE,FALSE,TRUE,FALSE,FALSE,FALSE
141,19,male    ,CS2_Positive_CS1_Negative,-0.538983388,-10,Struan,TRUE,TRUE,FALSE,TRUE,FALSE,FALSE,FALSE,FALSE
322,32,female  ,CS1_Positive_CS2_Negative,0.7952019,10,Morag,TRUE,TRUE,TRUE,TRUE,FALSE,FALSE,FALSE,FALSE
487,21,female  ,CS2_Positive_CS1_Negative,-0.373093448,-10,Struan,TRUE,TRUE,TRUE,TRUE,FALSE,FALSE,FALSE,FALSE
6,32,female  ,CS2_Positive_CS1_Negative,-0.558539023,-10,Struan,TRUE,TRUE,TRUE,TRUE,FALSE,FALSE,FALSE,FALSE
9,32,female  ,CS1_Positive_CS2_Negative,1.062175466,5,Morag,TRUE,TRUE,TRUE,TRUE,FALSE,FALSE,FALSE,FALSE
12,19,male    ,CS1_Positive_CS2_Negative,0.342821936,0,neitherBrand,FALSE,TRUE,TRUE,FALSE,FALSE,FALSE,FALSE,FALSE
19,21,female  ,CS1_Positive_CS2_Negative,0.608825738,0.25,Morag,TRUE,TRUE,TRUE,FALSE,FALSE,FALSE,FALSE,FALSE
26,31,male    ,CS1_Positive_CS2_Negative,-0.60077718,0,neitherBrand,FALSE,FALSE,TRUE,FALSE,FALSE,FALSE,FALSE,FALSE
35,21,female  ,CS1_Positive_CS2_Negative,0.690232939,2,Morag,FALSE,TRUE,FALSE,TRUE,FALSE,FALSE,FALSE,FALSE
40,30,male    ,CS2_Positive_CS1_Negative,-0.745031097,-6.75,neitherBrand,TRUE,TRUE,TRUE,TRUE,FALSE,FALSE,FALSE,FALSE
49,24,male    ,CS1_Positive_CS2_Negative,0.740248274,10,Morag,TRUE,TRUE,TRUE,TRUE,FALSE,FALSE,FALSE,FALSE
60,22,female  ,CS1_Positive_CS2_Negative,-0.991799385,-5.25,Struan,FALSE,FALSE,FALSE,FALSE,FALSE,FALSE,FALSE,FALSE
74,36,male    ,CS1_Positive_CS2_Negative,0.149593984,0,Morag,FALSE,TRUE,TRUE,FALSE,FALSE,FALSE,FALSE,FALSE
84,33,female  ,CS1_Positive_CS2_Negative,0.427176938,9.5,Morag,TRUE,TRUE,TRUE,TRUE,FALSE,FALSE,FALSE,FALSE
101,34,female  ,CS2_Positive_CS1_Negative,-0.07406815,-7.5,Struan,TRUE,TRUE,TRUE,TRUE,FALSE,FALSE,FALSE,FALSE
107,31,male    ,CS1_Positive_CS2_Negative,1.409504217,0,neitherBrand,TRUE,FALSE,TRUE,FALSE,FALSE,FALSE,FALSE,FALSE
115,23,male    ,CS1_Positive_CS2_Negative,0.211938406,-0.75,neitherBrand,TRUE,FALSE,FALSE,FALSE,FALSE,FALSE,FALSE,FALSE
133,20,female  ,CS2_Positive_CS1_Negative,0.541709788,-1.75,Struan,TRUE,FALSE,FALSE,TRUE,FALSE,FALSE,FALSE,FALSE
136,26,male    ,CS2_Positive_CS1_Negative,-0.593132025,-1.75,neitherBrand,FALSE,TRUE,FALSE,TRUE,FALSE,FALSE,FALSE,FALSE
137,30,female  ,CS1_Positive_CS2_Negative,0.672377144,10,Morag,FALSE,TRUE,TRUE,TRUE,FALSE,FALSE,FALSE,FALSE
140,23,male    ,CS1_Positive_CS2_Negative,-0.373469486,10,Morag,FALSE,TRUE,TRUE,TRUE,FALSE,FALSE,FALSE,FALSE
160,30,female  ,CS2_Positive_CS1_Negative,-0.223454965,-3,neitherBrand,FALSE,FALSE,FALSE,FALSE,FALSE,FALSE,FALSE,FALSE
165,20,other   ,CS2_Positive_CS1_Negative,-0.168257642,-8.25,Struan,FALSE,TRUE,TRUE,FALSE,FALSE,FALSE,FALSE,FALSE
177,23,male    ,CS1_Positive_CS2_Negative,0.659739879,6.5,Morag,TRUE,TRUE,TRUE,FALSE,FALSE,FALSE,FALSE,FALSE
182,22,male    ,CS2_Positive_CS1_Negative,-0.53064495,0,neitherBrand,FALSE,FALSE,FALSE,FALSE,FALSE,FALSE,FALSE,FALSE
188,18,male    ,CS1_Positive_CS2_Negative,-0.530370977,-3,Struan,FALSE,FALSE,TRUE,TRUE,FALSE,FALSE,FALSE,FALSE
189,26,male    ,CS2_Positive_CS1_Negative,-0.349058703,-10,Struan,TRUE,TRUE,TRUE,TRUE,FALSE,FALSE,FALSE,FALSE
196,36,male    ,CS1_Positive_CS2_Negative,0.837263401,9,Morag,TRUE,TRUE,TRUE,TRUE,FALSE,FALSE,FALSE,FALSE
206,20,male    ,CS2_Positive_CS1_Negative,-0.888236729,-4.75,neitherBrand,FALSE,TRUE,TRUE,TRUE,FALSE,FALSE,FALSE,FALSE
211,35,male    ,CS1_Positive_CS2_Negative,0.264771816,0.75,Struan,TRUE,TRUE,TRUE,FALSE,FALSE,FALSE,FALSE,FALSE
217,40,male    ,CS1_Positive_CS2_Negative,1.064053842,8,Morag,TRUE,TRUE,TRUE,TRUE,FALSE,FALSE,FALSE,FALSE
229,30,male    ,CS2_Positive_CS1_Negative,-0.794174989,0,neitherBrand,TRUE,FALSE,TRUE,FALSE,FALSE,FALSE,FALSE,FALSE
236,24,male    ,CS1_Positive_CS2_Negative,0.122766951,2.5,Morag,TRUE,FALSE,FALSE,FALSE,FALSE,FALSE,FALSE,FALSE
238,21,male    ,CS2_Positive_CS1_Negative,-0.445784209,0.5,Struan,TRUE,FALSE,FALSE,TRUE,FALSE,FALSE,FALSE,FALSE
261,20,female  ,CS2_Positive_CS1_Negative,0.904869726,0,Morag,FALSE,FALSE,FALSE,FALSE,FALSE,FALSE,FALSE,FALSE
262,18,male    ,CS2_Positive_CS1_Negative,-1.089346835,-9.25,Struan,TRUE,TRUE,TRUE,TRUE,FALSE,FALSE,FALSE,FALSE
270,19,male    ,CS2_Positive_CS1_Negative,-0.713936689,0.5,Struan,TRUE,TRUE,FALSE,TRUE,FALSE,FALSE,FALSE,FALSE
274,28,male    ,CS1_Positive_CS2_Negative,0.668069546,10,Morag,TRUE,TRUE,TRUE,TRUE,FALSE,FALSE,FALSE,FALSE
280,43,male    ,CS2_Positive_CS1_Negative,-0.278870046,-1.5,Struan,TRUE,FALSE,TRUE,TRUE,FALSE,FALSE,FALSE,FALSE
292,33,female  ,CS1_Positive_CS2_Negative,-0.129917137,-0.25,Morag,TRUE,FALSE,FALSE,FALSE,FALSE,FALSE,FALSE,FALSE
307,34,male    ,CS1_Positive_CS2_Negative,-0.357049385,-8.25,Struan,FALSE,FALSE,FALSE,FALSE,FALSE,FALSE,FALSE,FALSE
319,26,male    ,CS2_Positive_CS1_Negative,-0.36801902,-5.5,Struan,FALSE,TRUE,TRUE,TRUE,FALSE,FALSE,FALSE,FALSE
340,43,male    ,CS1_Positive_CS2_Negative,0.859888549,10,Morag,FALSE,TRUE,TRUE,FALSE,FALSE,FALSE,FALSE,FALSE
349,30,male    ,CS2_Positive_CS1_Negative,-0.423570156,-10,Struan,TRUE,TRUE,TRUE,TRUE,FALSE,FALSE,FALSE,FALSE
356,21,male    ,CS1_Positive_CS2_Negative,0.118576789,6.25,Struan,FALSE,FALSE,TRUE,TRUE,FALSE,FALSE,FALSE,FALSE
360,25,female  ,CS2_Positive_CS1_Negative,0.787640427,-6,neitherBrand,FALSE,FALSE,TRUE,FALSE,FALSE,FALSE,FALSE,FALSE
370,33,female  ,CS1_Positive_CS2_Negative,0.673493716,10,Morag,FALSE,TRUE,TRUE,FALSE,FALSE,FALSE,FALSE,FALSE
375,28,female  ,CS2_Positive_CS1_Negative,0.891401907,5.5,neitherBrand,FALSE,FALSE,FALSE,FALSE,FALSE,FALSE,FALSE,FALSE
376,30,female  ,CS2_Positive_CS1_Negative,-0.192135355,0,neitherBrand,FALSE,TRUE,TRUE,FALSE,FALSE,FALSE,FALSE,FALSE
377,27,female  ,CS1_Positive_CS2_Negative,-0.394696464,-2,neitherBrand,TRUE,FALSE,FALSE,FALSE,FALSE,FALSE,FALSE,FALSE
388,18,male    ,CS1_Positive_CS2_Negative,0.566454269,2,Struan,TRUE,TRUE,TRUE,FALSE,FALSE,FALSE,FALSE,FALSE
392,42,female  ,CS2_Positive_CS1_Negative,0.508276511,0,neitherBrand,TRUE,FALSE,FALSE,FALSE,FALSE,FALSE,FALSE,FALSE
393,19,female  ,CS1_Positive_CS2_Negative,0.794034582,9.5,Morag,FALSE,TRUE,TRUE,TRUE,FALSE,FALSE,FALSE,FALSE
405,22,male    ,CS2_Positive_CS1_Negative,0.788648186,0,Struan,FALSE,TRUE,TRUE,TRUE,FALSE,FALSE,FALSE,FALSE
416,18,female  ,CS2_Positive_CS1_Negative,-0.113012693,4.25,Morag,FALSE,TRUE,TRUE,TRUE,FALSE,FALSE,FALSE,FALSE
419,23,female  ,CS1_Positive_CS2_Negative,0.504956901,8,Morag,FALSE,TRUE,TRUE,TRUE,FALSE,FALSE,FALSE,FALSE
421,20,female  ,CS2_Positive_CS1_Negative,-0.036300339,-2,neitherBrand,TRUE,FALSE,FALSE,TRUE,FALSE,FALSE,FALSE,FALSE
437,19,female  ,CS2_Positive_CS1_Negative,-0.387217157,-1.75,Struan,FALSE,TRUE,FALSE,FALSE,FALSE,FALSE,FALSE,FALSE
460,22,female  ,CS1_Positive_CS2_Negative,-0.324768207,0.25,Struan,FALSE,FALSE,FALSE,FALSE,FALSE,FALSE,FALSE,FALSE
461,36,male    ,CS2_Positive_CS1_Negative,-0.82373407,-4.75,Struan,TRUE,TRUE,TRUE,FALSE,FALSE,FALSE,FALSE,FALSE
465,25,male    ,CS1_Positive_CS2_Negative,0.280382717,0.75,Morag,TRUE,TRUE,TRUE,FALSE,FALSE,FALSE,FALSE,FALSE
466,42,female  ,CS1_Positive_CS2_Negative,0.492128509,7,Morag,FALSE,TRUE,TRUE,TRUE,FALSE,FALSE,FALSE,FALSE
482,23,male    ,CS1_Positive_CS2_Negative,0.603260121,0,Morag,FALSE,FALSE,TRUE,FALSE,FALSE,FALSE,FALSE,FALSE
484,33,male    ,CS1_Positive_CS2_Negative,-0.108765751,4,Morag,TRUE,FALSE,TRUE,TRUE,FALSE,FALSE,FALSE,FALSE
488,29,male    ,CS2_Positive_CS1_Negative,-0.989159354,-1.25,neitherBrand,FALSE,TRUE,TRUE,TRUE,FALSE,FALSE,FALSE,FALSE
489,30,female  ,CS1_Positive_CS2_Negative,0.835916557,5,Morag,FALSE,TRUE,FALSE,TRUE,FALSE,FALSE,FALSE,FALSE
490,27,male    ,CS1_Positive_CS2_Negative,-0.734705428,-2,Struan,FALSE,FALSE,FALSE,FALSE,FALSE,FALSE,FALSE,FALSE
493,31,female  ,CS2_Positive_CS1_Negative,-0.55688001,-10,Struan,TRUE,TRUE,TRUE,TRUE,FALSE,FALSE,FALSE,FALSE
498,28,male    ,CS1_Positive_CS2_Negative,-0.359518791,0,neitherBrand,FALSE,FALSE,FALSE,FALSE,FALSE,FALSE,FALSE,FALSE
499,38,male    ,CS1_Positive_CS2_Negative,-0.446568195,8.25,neitherBrand,TRUE,TRUE,TRUE,FALSE,FALSE,FALSE,FALSE,FALSE
521,21,male    ,CS1_Positive_CS2_Negative,0.062786471,1,Morag,TRUE,FALSE,FALSE,TRUE,FALSE,FALSE,FALSE,FALSE
530,22,male    ,CS1_Positive_CS2_Negative,0.861200694,8,Morag,TRUE,TRUE,TRUE,TRUE,FALSE,FALSE,FALSE,FALSE
544,25,male    ,CS2_Positive_CS1_Negative,-0.145757678,0.5,Struan,TRUE,FALSE,FALSE,TRUE,FALSE,FALSE,FALSE,FALSE
575,37,male    ,CS2_Positive_CS1_Negative,0.436084591,2.75,Struan,TRUE,FALSE,FALSE,FALSE,FALSE,FALSE,FALSE,FALSE
589,34,male    ,CS2_Positive_CS1_Negative,0.663602344,0,Morag,TRUE,TRUE,TRUE,FALSE,FALSE,FALSE,FALSE,FALSE
591,31,female  ,CS2_Positive_CS1_Negative,0.927106554,0,neitherBrand,TRUE,FALSE,FALSE,FALSE,FALSE,FALSE,FALSE,FALSE
596,34,male    ,CS1_Positive_CS2_Negative,0.406695141,1,neitherBrand,FALSE,TRUE,TRUE,FALSE,FALSE,FALSE,FALSE,FALSE
630,19,male    ,CS2_Positive_CS1_Negative,-0.148977235,0,neitherBrand,TRUE,TRUE,FALSE,FALSE,FALSE,FALSE,FALSE,FALSE
633,29,female  ,CS1_Positive_CS2_Negative,0.493550002,8,Morag,FALSE,TRUE,TRUE,TRUE,FALSE,FALSE,FALSE,FALSE
640,32,male    ,CS2_Positive_CS1_Negative,-0.563909386,-10,Struan,TRUE,TRUE,TRUE,FALSE,FALSE,FALSE,FALSE,FALSE
643,21,female  ,CS1_Positive_CS2_Negative,-0.499990644,-7,neitherBrand,TRUE,FALSE,FALSE,FALSE,FALSE,FALSE,FALSE,FALSE
647,35,female  ,CS2_Positive_CS1_Negative,-0.13738181,-6.25,neitherBrand,TRUE,TRUE,TRUE,TRUE,FALSE,FALSE,FALSE,FALSE
653,21,female  ,CS2_Positive_CS1_Negative,-0.823259536,-6.75,Struan,TRUE,TRUE,TRUE,TRUE,FALSE,FALSE,FALSE,FALSE
670,24,female  ,CS2_Positive_CS1_Negative,-0.286419786,-3,Struan,FALSE,TRUE,FALSE,TRUE,FALSE,FALSE,FALSE,FALSE
674,22,female  ,CS1_Positive_CS2_Negative,0.442072991,2,Morag,TRUE,FALSE,FALSE,TRUE,FALSE,FALSE,FALSE,FALSE
699,39,male    ,CS1_Positive_CS2_Negative,-0.289726629,-6,Struan,TRUE,FALSE,FALSE,TRUE,FALSE,FALSE,FALSE,FALSE
703,40,male    ,CS2_Positive_CS1_Negative,-1.13321933,-5.25,Struan,FALSE,TRUE,TRUE,TRUE,FALSE,FALSE,FALSE,FALSE
713,28,female  ,CS1_Positive_CS2_Negative,0.480187796,10,Morag,FALSE,TRUE,TRUE,TRUE,FALSE,FALSE,FALSE,FALSE
716,21,female  ,CS1_Positive_CS2_Negative,0.37061936,0.5,Morag,TRUE,FALSE,FALSE,FALSE,FALSE,FALSE,FALSE,FALSE
726,20,female  ,CS2_Positive_CS1_Negative,-0.290050487,-1.25,neitherBrand,FALSE,FALSE,FALSE,TRUE,FALSE,FALSE,FALSE,FALSE
728,32,female  ,CS2_Positive_CS1_Negative,-0.453785172,0,neitherBrand,FALSE,FALSE,FALSE,FALSE,FALSE,FALSE,FALSE,FALSE
738,30,female  ,CS1_Positive_CS2_Negative,0.254827921,6.5,neitherBrand,FALSE,TRUE,TRUE,TRUE,FALSE,FALSE,FALSE,FALSE
739,18,female  ,CS1_Positive_CS2_Negative,0.584868501,0,neitherBrand,FALSE,TRUE,FALSE,FALSE,FALSE,FALSE,FALSE,FALSE
742,29,male    ,CS2_Positive_CS1_Negative,0.418907542,0.25,Morag,TRUE,FALSE,FALSE,FALSE,FALSE,FALSE,FALSE,FALSE
743,34,female  ,CS2_Positive_CS1_Negative,0.308204642,0,neitherBrand,TRUE,TRUE,TRUE,FALSE,FALSE,FALSE,FALSE,FALSE
747,18,male    ,CS1_Positive_CS2_Negative,0.48289121,0.5,Morag,FALSE,TRUE,TRUE,TRUE,FALSE,FALSE,FALSE,FALSE
756,20,male    ,CS1_Positive_CS2_Negative,0.456594249,7,Morag,TRUE,TRUE,TRUE,TRUE,FALSE,FALSE,FALSE,FALSE
766,37,male    ,CS2_Positive_CS1_Negative,0.340743707,0,Morag,FALSE,FALSE,FALSE,FALSE,FALSE,FALSE,FALSE,FALSE
767,27,female  ,CS2_Positive_CS1_Negative,-0.699507591,-5.5,Struan,TRUE,TRUE,TRUE,TRUE,FALSE,FALSE,FALSE,FALSE
770,34,male    ,CS1_Positive_CS2_Negative,-1.088613565,-4,Struan,TRUE,FALSE,FALSE,FALSE,FALSE,FALSE,FALSE,FALSE
774,20,female  ,CS2_Positive_CS1_Negative,-0.237262866,-0.25,Morag,TRUE,TRUE,FALSE,FALSE,FALSE,FALSE,FALSE,FALSE
775,19,male    ,CS2_Positive_CS1_Negative,0.562271931,-0.75,Struan,TRUE,FALSE,FALSE,FALSE,FALSE,FALSE,FALSE,FALSE
780,36,female  ,CS1_Positive_CS2_Negative,0.732865823,4.75,Morag,TRUE,TRUE,TRUE,TRUE,FALSE,FALSE,FALSE,FALSE
782,21,female  ,CS2_Positive_CS1_Negative,0.081267256,-6.75,Struan,TRUE,TRUE,TRUE,FALSE,FALSE,FALSE,FALSE,FALSE
786,36,male    ,CS1_Positive_CS2_Negative,0.528797257,10,neitherBrand,TRUE,TRUE,TRUE,TRUE,FALSE,FALSE,FALSE,FALSE
788,39,male    ,CS1_Positive_CS2_Negative,-0.503026699,0,neitherBrand,TRUE,TRUE,TRUE,FALSE,FALSE,FALSE,FALSE,FALSE
796,25,female  ,CS1_Positive_CS2_Negative,0.284271295,6,neitherBrand,TRUE,TRUE,TRUE,TRUE,FALSE,FALSE,FALSE,FALSE
800,25,male    ,CS2_Positive_CS1_Negative,-0.363475701,4,Morag,FALSE,TRUE,TRUE,FALSE,FALSE,FALSE,FALSE,FALSE
801,29,male    ,CS1_Positive_CS2_Negative,0.394558702,7.75,Morag,FALSE,TRUE,FALSE,TRUE,FALSE,FALSE,FALSE,FALSE
809,20,male    ,CS1_Positive_CS2_Negative,0.168760733,0.75,Morag,FALSE,FALSE,FALSE,TRUE,FALSE,FALSE,FALSE,FALSE
810,40,female  ,CS1_Positive_CS2_Negative,0.00709572,0,neitherBrand,TRUE,TRUE,TRUE,FALSE,FALSE,FALSE,FALSE,FALSE
811,21,male    ,CS1_Positive_CS2_Negative,0.143136547,0,Morag,TRUE,FALSE,FALSE,TRUE,FALSE,FALSE,FALSE,FALSE
822,45,male    ,CS2_Positive_CS1_Negative,0.48049929,-7.5,Struan,FALSE,TRUE,TRUE,FALSE,FALSE,FALSE,FALSE,FALSE
823,19,female  ,CS2_Positive_CS1_Negative,0.14292993,1,neitherBrand,TRUE,FALSE,FALSE,TRUE,FALSE,FALSE,FALSE,FALSE
830,37,female  ,CS2_Positive_CS1_Negative,0.731493772,1.5,Morag,FALSE,FALSE,FALSE,FALSE,FALSE,FALSE,FALSE,FALSE
859,19,male    ,CS1_Positive_CS2_Negative,0.563128602,2.25,Morag,TRUE,TRUE,TRUE,TRUE,FALSE,FALSE,FALSE,FALSE
868,23,female  ,CS1_Positive_CS2_Negative,0.724661524,7.5,Morag,TRUE,TRUE,TRUE,TRUE,FALSE,FALSE,FALSE,FALSE
876,19,male    ,CS1_Positive_CS2_Negative,-0.079769478,6.25,Morag,TRUE,TRUE,TRUE,TRUE,FALSE,FALSE,FALSE,FALSE
900,32,female  ,CS1_Positive_CS2_Negative,0.689331204,6.75,Morag,TRUE,TRUE,TRUE,TRUE,FALSE,FALSE,FALSE,FALSE
905,21,female  ,CS1_Positive_CS2_Negative,0.772477857,7.5,Morag,TRUE,TRUE,TRUE,FALSE,FALSE,FALSE,FALSE,FALSE
917,28,female  ,CS2_Positive_CS1_Negative,-0.477750283,-6.25,Struan,TRUE,FALSE,TRUE,TRUE,FALSE,FALSE,FALSE,FALSE
920,33,female  ,CS2_Positive_CS1_Negative,-0.260936723,1.25,Morag,TRUE,FALSE,FALSE,FALSE,FALSE,FALSE,FALSE,FALSE
922,30,female  ,CS1_Positive_CS2_Negative,0.408169473,10,Morag,TRUE,TRUE,TRUE,TRUE,FALSE,FALSE,FALSE,FALSE
932,38,male    ,CS1_Positive_CS2_Negative,-0.327208656,-1.75,Struan,FALSE,FALSE,FALSE,FALSE,FALSE,FALSE,FALSE,FALSE
998,21,female  ,CS2_Positive_CS1_Negative,-0.728813917,-8.25,Struan,TRUE,TRUE,TRUE,TRUE,FALSE,FALSE,FALSE,FALSE
1003,31,female  ,CS1_Positive_CS2_Negative,0.45083655,4,neitherBrand,TRUE,TRUE,TRUE,TRUE,FALSE,FALSE,FALSE,FALSE
1004,23,female  ,CS1_Positive_CS2_Negative,0.218589708,-4,Struan,FALSE,FALSE,FALSE,FALSE,FALSE,FALSE,FALSE,FALSE
1006,25,male    ,CS2_Positive_CS1_Negative,-0.393508877,-7,Struan,TRUE,TRUE,TRUE,TRUE,FALSE,FALSE,FALSE,FALSE
127,30,female  ,CS2_Positive_CS1_Negative,-0.454899082,-4,Struan,TRUE,TRUE,TRUE,TRUE,FALSE,FALSE,FALSE,FALSE
185,32,male    ,CS1_Positive_CS2_Negative,0.487264607,8,neitherBrand,TRUE,TRUE,TRUE,TRUE,FALSE,FALSE,FALSE,FALSE
265,23,other   ,CS1_Positive_CS2_Negative,0.51580682,6.25,Morag,FALSE,FALSE,FALSE,FALSE,FALSE,FALSE,FALSE,FALSE
501,23,male    ,CS2_Positive_CS1_Negative,-0.672739153,0.75,Struan,FALSE,FALSE,FALSE,FALSE,FALSE,FALSE,FALSE,FALSE
562,42,male    ,CS1_Positive_CS2_Negative,0.35336851,7.5,neitherBrand,FALSE,TRUE,TRUE,TRUE,FALSE,FALSE,FALSE,FALSE
619,26,male    ,CS1_Positive_CS2_Negative,0.652878088,-8.25,neitherBrand,TRUE,FALSE,TRUE,TRUE,FALSE,FALSE,FALSE,FALSE
709,29,female  ,CS2_Positive_CS1_Negative,-0.416640558,-1,neitherBrand,FALSE,TRUE,TRUE,FALSE,FALSE,FALSE,FALSE,FALSE
792,19,male    ,CS2_Positive_CS1_Negative,-0.63805674,-10,Struan,FALSE,TRUE,TRUE,TRUE,FALSE,FALSE,FALSE,FALSE
943,31,male    ,CS2_Positive_CS1_Negative,0.725659782,0,neitherBrand,TRUE,FALSE,TRUE,FALSE,FALSE,FALSE,FALSE,FALSE
946,24,male    ,CS1_Positive_CS2_Negative,0.508255038,5.75,Struan,TRUE,TRUE,TRUE,FALSE,FALSE,FALSE,FALSE,FALSE
967,28,female  ,CS2_Positive_CS1_Negative,-0.582075133,-6,neitherBrand,FALSE,TRUE,TRUE,TRUE,FALSE,FALSE,FALSE,FALSE
976,26,female  ,CS2_Positive_CS1_Negative,-0.285686661,0,neitherBrand,TRUE,FALSE,FALSE,FALSE,FALSE,FALSE,FALSE,FALSE
184,40,male    ,CS2_Positive_CS1_Negative,-0.266508787,-8,Struan,TRUE,TRUE,TRUE,TRUE,TRUE,FALSE,FALSE,FALSE
693,19,female  ,CS2_Positive_CS1_Negative,-0.550028902,-10,Struan,TRUE,TRUE,TRUE,FALSE,TRUE,FALSE,FALSE,FALSE
733,37,male    ,CS2_Positive_CS1_Negative,-1.207312442,-7.25,Struan,TRUE,TRUE,TRUE,FALSE,TRUE,FALSE,FALSE,FALSE
23,21,male    ,CS2_Positive_CS1_Negative,-0.409216003,-5.5,Struan,TRUE,TRUE,TRUE,TRUE,FALSE,TRUE,FALSE,FALSE
910,30,male    ,CS2_Positive_CS1_Negative,-0.44337369,-10,Struan,FALSE,TRUE,TRUE,TRUE,FALSE,TRUE,FALSE,FALSE
62,20,male    ,CS2_Positive_CS1_Negative,-0.845257308,-10,Struan,FALSE,TRUE,TRUE,TRUE,FALSE,TRUE,FALSE,FALSE
161,19,male    ,CS1_Positive_CS2_Negative,1.262953518,8.5,Morag,FALSE,TRUE,TRUE,TRUE,FALSE,TRUE,FALSE,FALSE
219,22,male    ,CS1_Positive_CS2_Negative,0.231580126,-0.75,neitherBrand,TRUE,FALSE,FALSE,FALSE,FALSE,TRUE,FALSE,FALSE
244,23,male    ,CS1_Positive_CS2_Negative,0.27551428,1,neitherBrand,TRUE,TRUE,FALSE,FALSE,FALSE,TRUE,FALSE,FALSE
345,20,female  ,CS1_Positive_CS2_Negative,0.687217785,-2.75,Struan,FALSE,FALSE,FALSE,TRUE,FALSE,TRUE,FALSE,FALSE
409,36,male    ,CS1_Positive_CS2_Negative,0.963530869,10,Morag,TRUE,TRUE,TRUE,FALSE,FALSE,TRUE,FALSE,FALSE
423,18,male    ,CS2_Positive_CS1_Negative,-0.417397259,-5.75,Struan,TRUE,TRUE,TRUE,TRUE,FALSE,TRUE,FALSE,FALSE
433,26,female  ,CS1_Positive_CS2_Negative,0.400908684,7,Morag,FALSE,TRUE,TRUE,TRUE,FALSE,TRUE,FALSE,FALSE
505,26,female  ,CS1_Positive_CS2_Negative,0.749702033,7,Morag,TRUE,TRUE,TRUE,TRUE,FALSE,TRUE,FALSE,FALSE
607,19,male    ,CS2_Positive_CS1_Negative,-0.442302901,-0.25,neitherBrand,FALSE,TRUE,TRUE,FALSE,FALSE,TRUE,FALSE,FALSE
657,24,female  ,CS1_Positive_CS2_Negative,0.945279913,0.5,neitherBrand,TRUE,TRUE,TRUE,TRUE,FALSE,TRUE,FALSE,FALSE
660,40,male    ,CS1_Positive_CS2_Negative,0.339646324,10,Morag,FALSE,TRUE,TRUE,TRUE,FALSE,TRUE,FALSE,FALSE
673,21,male    ,CS1_Positive_CS2_Negative,-0.12503314,-2,Struan,TRUE,FALSE,FALSE,FALSE,FALSE,TRUE,FALSE,FALSE
696,29,female  ,CS2_Positive_CS1_Negative,-0.74601489,-0.5,neitherBrand,TRUE,FALSE,TRUE,TRUE,FALSE,TRUE,FALSE,FALSE
853,20,male    ,CS2_Positive_CS1_Negative,-0.146346355,0,Struan,TRUE,TRUE,TRUE,FALSE,FALSE,TRUE,FALSE,FALSE
952,45,female  ,CS2_Positive_CS1_Negative,-0.140034128,-3.5,Morag,TRUE,TRUE,TRUE,TRUE,FALSE,TRUE,FALSE,FALSE
1008,37,male    ,CS2_Positive_CS1_Negative,-0.891564215,-4.75,Struan,FALSE,TRUE,TRUE,FALSE,FALSE,TRUE,FALSE,FALSE
152,24,male    ,CS2_Positive_CS1_Negative,-0.038516188,-0.25,Morag,FALSE,TRUE,FALSE,FALSE,TRUE,TRUE,FALSE,FALSE
359,24,male    ,CS2_Positive_CS1_Negative,0.578084263,0.5,Struan,FALSE,TRUE,FALSE,TRUE,TRUE,TRUE,FALSE,FALSE
362,19,male    ,CS1_Positive_CS2_Negative,0.674050595,10,Morag,TRUE,TRUE,TRUE,TRUE,TRUE,TRUE,FALSE,FALSE
469,24,female  ,CS2_Positive_CS1_Negative,0.392513617,0.25,Struan,FALSE,FALSE,FALSE,FALSE,TRUE,TRUE,FALSE,FALSE
652,44,male    ,CS1_Positive_CS2_Negative,-0.802233696,-1.75,Morag,TRUE,FALSE,TRUE,FALSE,TRUE,TRUE,FALSE,FALSE
724,38,female  ,CS1_Positive_CS2_Negative,-0.099203763,1.75,Struan,FALSE,FALSE,FALSE,FALSE,TRUE,TRUE,FALSE,FALSE
827,20,male    ,CS1_Positive_CS2_Negative,-0.119300802,-0.5,Morag,TRUE,FALSE,TRUE,FALSE,TRUE,TRUE,FALSE,FALSE
679,36,female  ,CS2_Positive_CS1_Negative,-0.657522926,0.25,Morag,FALSE,FALSE,FALSE,FALSE,TRUE,TRUE,FALSE,FALSE
740,18,female  ,CS1_Positive_CS2_Negative,1.105957047,7.75,Morag,TRUE,TRUE,TRUE,TRUE,FALSE,FALSE,TRUE,TRUE
174,39,female  ,CS2_Positive_CS1_Negative,0.018886725,-5.5,Struan,TRUE,TRUE,TRUE,FALSE,TRUE,TRUE,TRUE,TRUE
934,42,male    ,CS2_Positive_CS1_Negative,-0.356539929,-6.75,Struan,TRUE,TRUE,TRUE,TRUE,TRUE,TRUE,TRUE,TRUE
154,34,female  ,CS1_Positive_CS2_Negative,0.304259518,4.25,Morag,FALSE,FALSE,TRUE,FALSE,FALSE,FALSE,FALSE,TRUE
512,18,female  ,CS2_Positive_CS1_Negative,0.198962467,-4,neitherBrand,TRUE,TRUE,TRUE,TRUE,FALSE,FALSE,FALSE,TRUE
519,22,male    ,CS2_Positive_CS1_Negative,0.650952822,0,Struan,TRUE,TRUE,FALSE,FALSE,FALSE,FALSE,FALSE,TRUE
725,19,male    ,CS2_Positive_CS1_Negative,-0.509876858,-4,Struan,TRUE,TRUE,TRUE,TRUE,FALSE,FALSE,FALSE,TRUE
105,25,male    ,CS1_Positive_CS2_Negative,-0.545892068,10,Morag,TRUE,TRUE,TRUE,FALSE,FALSE,FALSE,FALSE,TRUE
497,41,male    ,CS1_Positive_CS2_Negative,-0.60744492,0,Struan,FALSE,FALSE,FALSE,FALSE,FALSE,FALSE,FALSE,TRUE
702,21,male    ,CS2_Positive_CS1_Negative,-0.698626191,0,neitherBrand,TRUE,TRUE,TRUE,FALSE,FALSE,FALSE,FALSE,TRUE
869,32,male    ,CS2_Positive_CS1_Negative,-0.133051673,-4,neitherBrand,TRUE,FALSE,TRUE,FALSE,FALSE,FALSE,FALSE,TRUE
981,41,female  ,CS2_Positive_CS1_Negative,0.05766935,-2,Struan,FALSE,TRUE,TRUE,TRUE,FALSE,FALSE,FALSE,TRUE
111,43,female  ,CS2_Positive_CS1_Negative,0.090179754,-10,Struan,TRUE,TRUE,TRUE,TRUE,TRUE,FALSE,FALSE,TRUE
306,38,female  ,CS1_Positive_CS2_Negative,-0.458297654,0,neitherBrand,TRUE,TRUE,TRUE,FALSE,FALSE,TRUE,FALSE,TRUE
363,23,male    ,CS1_Positive_CS2_Negative,0.461972768,7.25,Morag,TRUE,TRUE,TRUE,FALSE,FALSE,TRUE,FALSE,TRUE
442,33,female  ,CS1_Positive_CS2_Negative,0.794006607,3.5,Morag,FALSE,TRUE,TRUE,FALSE,FALSE,TRUE,FALSE,TRUE
858,24,female  ,CS1_Positive_CS2_Negative,0.423001637,9.25,Morag,TRUE,TRUE,TRUE,TRUE,FALSE,TRUE,FALSE,TRUE
37,19,female  ,CS2_Positive_CS1_Negative,-0.416750912,-4.25,neitherBrand,FALSE,TRUE,TRUE,TRUE,TRUE,TRUE,FALSE,TRUE
43,25,female  ,CS1_Positive_CS2_Negative,0.23483095,1,Morag,TRUE,TRUE,TRUE,TRUE,TRUE,TRUE,FALSE,TRUE
