Participant,Age,Gender,source_valence_condition,EC_Effect_CS1_CS2_Difference_Score,intention,color_valence_contingency_memory,US_contingency_memory,hypothesis_awareness,influence_awareness,reactance_IAT,reactance_self_reports,demand_IAT,demand_self_reports,ep_mean_rt_consistent,ep_mean_rt_inconsistent,ep_mean_rt_difference
1095,27,male    ,CS2_Positive_CS1_Negative,-1,neitherBrand,FALSE,FALSE,FALSE,FALSE,FALSE,FALSE,FALSE,FALSE,709,679,-30
104,25,male    ,CS2_Positive_CS1_Negative,0,neitherBrand,FALSE,FALSE,FALSE,FALSE,FALSE,FALSE,TRUE,FALSE,603,684,81
572,23,male    ,CS2_Positive_CS1_Negative,0,Struan,FALSE,FALSE,FALSE,FALSE,FALSE,FALSE,FALSE,FALSE,670,694,24
52,28,male    ,CS2_Positive_CS1_Negative,4,neitherBrand,FALSE,FALSE,FALSE,TRUE,FALSE,FALSE,FALSE,FALSE,607,616,9
796,34,female  ,CS2_Positive_CS1_Negative,-0.25,neitherBrand,FALSE,FALSE,FALSE,FALSE,FALSE,FALSE,FALSE,FALSE,620,694,74
680,18,female  ,CS2_Positive_CS1_Negative,0,Morag,FALSE,TRUE,FALSE,FALSE,FALSE,FALSE,FALSE,FALSE,624,625,1
276,21,male    ,CS2_Positive_CS1_Negative,-2,Struan,FALSE,TRUE,TRUE,FALSE,FALSE,FALSE,FALSE,FALSE,557,592,35
776,33,male    ,CS2_Positive_CS1_Negative,3.75,Morag,FALSE,FALSE,FALSE,FALSE,FALSE,FALSE,FALSE,FALSE,450,457,7
423,32,male    ,CS2_Positive_CS1_Negative,0.75,Struan,FALSE,TRUE,FALSE,TRUE,FALSE,FALSE,FALSE,FALSE,485,573,88
383,31,male    ,CS2_Positive_CS1_Negative,0,neitherBrand,FALSE,FALSE,FALSE,FALSE,FALSE,FALSE,FALSE,FALSE,595,631,36
388,26,female  ,CS2_Positive_CS1_Negative,0,Morag,FALSE,TRUE,FALSE,TRUE,FALSE,FALSE,FALSE,FALSE,580,585,5
727,38,female  ,CS2_Positive_CS1_Negative,-1,Struan,FALSE,FALSE,FALSE,TRUE,FALSE,FALSE,FALSE,FALSE,530,552,22
119,24,female  ,CS2_Positive_CS1_Negative,2.75,Morag,FALSE,TRUE,FALSE,FALSE,FALSE,FALSE,FALSE,FALSE,523,509,-14
111,31,female  ,CS2_Positive_CS1_Negative,0,Morag,FALSE,TRUE,FALSE,FALSE,FALSE,FALSE,FALSE,FALSE,711,717,6
1156,20,female  ,CS2_Positive_CS1_Negative,2,Morag,FALSE,FALSE,FALSE,FALSE,FALSE,FALSE,FALSE,FALSE,638,657,19
107,41,female  ,CS2_Positive_CS1_Negative,-6,Struan,FALSE,TRUE,FALSE,FALSE,FALSE,FALSE,FALSE,FALSE,620,626,6
308,22,female  ,CS2_Positive_CS1_Negative,-0.25,Morag,FALSE,FALSE,FALSE,FALSE,FALSE,FALSE,FALSE,FALSE,686,623,-63
780,24,female  ,CS2_Positive_CS1_Negative,1,Morag,FALSE,TRUE,FALSE,FALSE,FALSE,FALSE,FALSE,FALSE,545,532,-13
391,24,female  ,CS2_Positive_CS1_Negative,0,Morag,FALSE,TRUE,FALSE,FALSE,FALSE,FALSE,FALSE,FALSE,655,672,17
759,20,male    ,CS2_Positive_CS1_Negative,0.25,Morag,FALSE,FALSE,FALSE,FALSE,FALSE,FALSE,FALSE,FALSE,417,435,18
611,35,female  ,CS2_Positive_CS1_Negative,0,Struan,FALSE,TRUE,TRUE,FALSE,FALSE,FALSE,FALSE,FALSE,814,800,-14
948,30,male    ,CS2_Positive_CS1_Negative,0,Morag,FALSE,TRUE,FALSE,FALSE,FALSE,FALSE,FALSE,FALSE,584,546,-38
471,40,female  ,CS2_Positive_CS1_Negative,3,Morag,FALSE,TRUE,FALSE,FALSE,FALSE,FALSE,FALSE,FALSE,616,574,-42
1259,21,female  ,CS2_Positive_CS1_Negative,-1,neitherBrand,FALSE,TRUE,FALSE,FALSE,FALSE,FALSE,FALSE,FALSE,570,556,-14
68,31,male    ,CS2_Positive_CS1_Negative,0,Struan,FALSE,FALSE,FALSE,FALSE,FALSE,FALSE,FALSE,FALSE,586,583,-3
563,33,female  ,CS2_Positive_CS1_Negative,-2,neitherBrand,FALSE,FALSE,FALSE,TRUE,FALSE,FALSE,FALSE,FALSE,524,460,-64
376,34,female  ,CS2_Positive_CS1_Negative,0,Struan,FALSE,TRUE,FALSE,TRUE,FALSE,FALSE,FALSE,FALSE,726,689,-37
571,39,male    ,CS2_Positive_CS1_Negative,2,neitherBrand,FALSE,TRUE,FALSE,TRUE,FALSE,FALSE,FALSE,FALSE,676,684,8
264,31,male    ,CS2_Positive_CS1_Negative,-3,Struan,FALSE,TRUE,FALSE,TRUE,FALSE,FALSE,FALSE,FALSE,591,634,43
220,25,male    ,CS2_Positive_CS1_Negative,-1.25,Struan,FALSE,FALSE,FALSE,TRUE,FALSE,FALSE,FALSE,FALSE,556,506,-50
467,24,female  ,CS2_Positive_CS1_Negative,-2.25,Struan,FALSE,TRUE,FALSE,TRUE,FALSE,FALSE,FALSE,FALSE,590,615,25
163,36,male    ,CS2_Positive_CS1_Negative,-4,neitherBrand,FALSE,TRUE,FALSE,TRUE,TRUE,FALSE,FALSE,FALSE,564,573,9
487,23,female  ,CS2_Positive_CS1_Negative,5,Morag,FALSE,FALSE,FALSE,FALSE,TRUE,FALSE,FALSE,FALSE,631,575,-56
903,20,female  ,CS2_Positive_CS1_Negative,0,Struan,FALSE,TRUE,FALSE,FALSE,FALSE,FALSE,FALSE,FALSE,555,587,32
56,20,male    ,CS2_Positive_CS1_Negative,0.25,Struan,FALSE,TRUE,FALSE,FALSE,TRUE,TRUE,TRUE,FALSE,409,421,12
800,44,female  ,CS2_Positive_CS1_Negative,-0.5,Struan,FALSE,FALSE,FALSE,TRUE,FALSE,FALSE,FALSE,TRUE,683,686,3
80,26,male    ,CS2_Positive_CS1_Negative,0.25,Struan,FALSE,TRUE,TRUE,FALSE,FALSE,FALSE,FALSE,FALSE,519,472,-47
124,22,male    ,CS2_Positive_CS1_Negative,1,neitherBrand,FALSE,TRUE,FALSE,TRUE,FALSE,FALSE,FALSE,FALSE,596,548,-48
588,34,female  ,CS2_Positive_CS1_Negative,-2.25,neitherBrand,FALSE,TRUE,TRUE,TRUE,FALSE,FALSE,FALSE,FALSE,567,565,-2
915,20,male    ,CS2_Positive_CS1_Negative,-4.75,Struan,FALSE,FALSE,TRUE,TRUE,FALSE,FALSE,FALSE,FALSE,634,649,15
463,30,male    ,CS2_Positive_CS1_Negative,-5,Morag,FALSE,TRUE,TRUE,TRUE,FALSE,FALSE,FALSE,FALSE,608,616,8
135,31,female  ,CS2_Positive_CS1_Negative,-1.75,neitherBrand,FALSE,TRUE,TRUE,TRUE,FALSE,FALSE,TRUE,FALSE,615,636,21
528,21,male    ,CS2_Positive_CS1_Negative,-4.25,Struan,FALSE,TRUE,TRUE,FALSE,FALSE,TRUE,FALSE,FALSE,573,538,-35
343,33,female  ,CS2_Positive_CS1_Negative,-3,Struan,FALSE,TRUE,TRUE,FALSE,TRUE,FALSE,TRUE,FALSE,624,653,29
708,19,male    ,CS2_Positive_CS1_Negative,-3,Struan,FALSE,FALSE,FALSE,TRUE,FALSE,FALSE,FALSE,FALSE,524,538,14
995,35,female  ,CS2_Positive_CS1_Negative,0,Morag,FALSE,TRUE,TRUE,FALSE,FALSE,FALSE,FALSE,FALSE,528,555,27
771,36,male    ,CS2_Positive_CS1_Negative,-1.75,neitherBrand,FALSE,FALSE,FALSE,TRUE,FALSE,FALSE,FALSE,FALSE,667,660,-7
860,24,male    ,CS2_Positive_CS1_Negative,-0.25,Struan,FALSE,TRUE,FALSE,TRUE,FALSE,FALSE,FALSE,FALSE,628,665,37
275,22,male    ,CS2_Positive_CS1_Negative,0.5,neitherBrand,FALSE,TRUE,FALSE,FALSE,TRUE,FALSE,FALSE,FALSE,685,704,19
1191,25,female  ,CS2_Positive_CS1_Negative,-0.25,neitherBrand,FALSE,TRUE,FALSE,FALSE,FALSE,FALSE,FALSE,FALSE,673,691,18
911,29,female  ,CS2_Positive_CS1_Negative,-0.25,neitherBrand,FALSE,TRUE,TRUE,FALSE,FALSE,FALSE,FALSE,FALSE,508,533,25
483,22,female  ,CS2_Positive_CS1_Negative,0,neitherBrand,FALSE,TRUE,TRUE,FALSE,FALSE,FALSE,FALSE,FALSE,610,644,34
851,41,male    ,CS2_Positive_CS1_Negative,-2.5,neitherBrand,FALSE,FALSE,FALSE,TRUE,FALSE,FALSE,FALSE,FALSE,525,531,6
919,22,female  ,CS2_Positive_CS1_Negative,1,neitherBrand,FALSE,TRUE,TRUE,TRUE,FALSE,FALSE,FALSE,FALSE,607,637,30
747,24,female  ,CS2_Positive_CS1_Negative,-2.25,neitherBrand,FALSE,TRUE,FALSE,TRUE,FALSE,FALSE,FALSE,FALSE,642,690,48
1180,43,male    ,CS2_Positive_CS1_Negative,0,neitherBrand,FALSE,TRUE,FALSE,FALSE,TRUE,TRUE,FALSE,FALSE,776,739,-37
876,23,male    ,CS2_Positive_CS1_Negative,-8,Struan,TRUE,TRUE,TRUE,TRUE,FALSE,FALSE,FALSE,TRUE,557,554,-3
983,30,male    ,CS2_Positive_CS1_Negative,-3.75,Struan,TRUE,TRUE,FALSE,TRUE,FALSE,FALSE,FALSE,FALSE,548,553,5
923,27,male    ,CS2_Positive_CS1_Negative,1.75,neitherBrand,TRUE,FALSE,TRUE,TRUE,FALSE,FALSE,FALSE,FALSE,621,602,-19
191,22,female  ,CS2_Positive_CS1_Negative,-10,Struan,TRUE,TRUE,TRUE,TRUE,FALSE,FALSE,FALSE,FALSE,540,535,-5
1043,34,male    ,CS2_Positive_CS1_Negative,-10,Struan,TRUE,TRUE,TRUE,TRUE,FALSE,FALSE,FALSE,TRUE,658,647,-11
259,33,male    ,CS2_Positive_CS1_Negative,-10,Struan,TRUE,TRUE,TRUE,TRUE,FALSE,FALSE,FALSE,TRUE,576,658,82
668,21,female  ,CS2_Positive_CS1_Negative,0,neitherBrand,TRUE,TRUE,TRUE,FALSE,FALSE,FALSE,TRUE,FALSE,580,529,-51
120,45,male    ,CS2_Positive_CS1_Negative,-9,Struan,TRUE,TRUE,TRUE,FALSE,FALSE,TRUE,FALSE,FALSE,645,658,13
1211,24,female  ,CS2_Positive_CS1_Negative,-9.75,Struan,TRUE,TRUE,TRUE,TRUE,FALSE,FALSE,FALSE,FALSE,458,476,18
452,28,female  ,CS2_Positive_CS1_Negative,-6,neitherBrand,TRUE,TRUE,TRUE,TRUE,FALSE,FALSE,FALSE,FALSE,541,553,12
128,23,male    ,CS2_Positive_CS1_Negative,0,Struan,TRUE,FALSE,FALSE,TRUE,FALSE,FALSE,FALSE,FALSE,621,606,-15
792,44,female  ,CS2_Positive_CS1_Negative,1,neitherBrand,TRUE,TRUE,TRUE,FALSE,FALSE,FALSE,FALSE,FALSE,538,552,14
455,22,female  ,CS2_Positive_CS1_Negative,-6.25,neitherBrand,TRUE,TRUE,TRUE,TRUE,FALSE,FALSE,FALSE,FALSE,606,582,-24
115,24,male    ,CS2_Positive_CS1_Negative,-6.75,neitherBrand,TRUE,TRUE,TRUE,TRUE,FALSE,FALSE,FALSE,FALSE,497,523,26
847,21,female  ,CS2_Positive_CS1_Negative,-7.25,Struan,TRUE,TRUE,TRUE,TRUE,FALSE,FALSE,FALSE,FALSE,558,531,-27
28,22,male    ,CS2_Positive_CS1_Negative,-9.75,Struan,TRUE,TRUE,TRUE,TRUE,FALSE,FALSE,FALSE,FALSE,635,695,60
691,26,female  ,CS2_Positive_CS1_Negative,-10,Struan,TRUE,TRUE,TRUE,TRUE,FALSE,FALSE,FALSE,FALSE,587,576,-11
540,22,female  ,CS2_Positive_CS1_Negative,-4.75,Struan,TRUE,TRUE,TRUE,TRUE,FALSE,FALSE,FALSE,FALSE,447,481,34
432,20,male    ,CS2_Positive_CS1_Negative,-7.25,neitherBrand,TRUE,TRUE,TRUE,FALSE,FALSE,FALSE,FALSE,TRUE,529,507,-22
96,27,male    ,CS2_Positive_CS1_Negative,-4.75,Struan,TRUE,TRUE,TRUE,TRUE,FALSE,FALSE,TRUE,FALSE,794,747,-47
288,23,female  ,CS2_Positive_CS1_Negative,-8,Struan,TRUE,TRUE,TRUE,TRUE,FALSE,FALSE,FALSE,FALSE,509,509,0
91,21,female  ,CS2_Positive_CS1_Negative,-6,neitherBrand,TRUE,TRUE,TRUE,TRUE,FALSE,FALSE,FALSE,FALSE,608,610,2
839,36,male    ,CS2_Positive_CS1_Negative,-6,neitherBrand,TRUE,FALSE,TRUE,FALSE,FALSE,FALSE,FALSE,TRUE,505,524,19
643,29,female  ,CS2_Positive_CS1_Negative,-8,Struan,TRUE,TRUE,TRUE,TRUE,FALSE,FALSE,FALSE,TRUE,559,548,-11
583,27,female  ,CS2_Positive_CS1_Negative,0,Morag,TRUE,TRUE,TRUE,FALSE,FALSE,FALSE,FALSE,FALSE,593,592,-1
287,31,female  ,CS2_Positive_CS1_Negative,-6.5,Struan,TRUE,TRUE,TRUE,TRUE,FALSE,FALSE,FALSE,FALSE,566,604,38
200,38,female  ,CS2_Positive_CS1_Negative,-6,neitherBrand,TRUE,TRUE,TRUE,TRUE,FALSE,FALSE,FALSE,FALSE,571,561,-10
707,18,male    ,CS2_Positive_CS1_Negative,-8.25,Struan,TRUE,TRUE,TRUE,TRUE,FALSE,FALSE,FALSE,FALSE,689,719,30
767,25,female  ,CS2_Positive_CS1_Negative,-2,Morag,TRUE,TRUE,TRUE,TRUE,FALSE,FALSE,FALSE,FALSE,604,616,12
168,37,female  ,CS2_Positive_CS1_Negative,-10,Struan,TRUE,TRUE,TRUE,TRUE,FALSE,FALSE,FALSE,FALSE,617,618,1
436,25,male    ,CS2_Positive_CS1_Negative,-8,Struan,TRUE,TRUE,TRUE,TRUE,FALSE,FALSE,FALSE,FALSE,511,539,28
695,36,male    ,CS2_Positive_CS1_Negative,-6.5,neitherBrand,TRUE,TRUE,TRUE,TRUE,FALSE,FALSE,FALSE,FALSE,653,667,14
808,28,male    ,CS2_Positive_CS1_Negative,0,Struan,TRUE,TRUE,TRUE,FALSE,FALSE,FALSE,FALSE,FALSE,491,489,-2
368,42,male    ,CS2_Positive_CS1_Negative,-8,Struan,TRUE,TRUE,TRUE,TRUE,FALSE,FALSE,FALSE,FALSE,612,597,-15
775,19,female  ,CS2_Positive_CS1_Negative,-9,Struan,TRUE,TRUE,TRUE,TRUE,FALSE,FALSE,FALSE,FALSE,569,610,41
404,32,female  ,CS2_Positive_CS1_Negative,-0.5,neitherBrand,TRUE,TRUE,TRUE,TRUE,FALSE,FALSE,FALSE,FALSE,563,570,7
787,18,female  ,CS2_Positive_CS1_Negative,-4,neitherBrand,TRUE,TRUE,TRUE,FALSE,FALSE,FALSE,FALSE,FALSE,586,627,41
148,18,female  ,CS2_Positive_CS1_Negative,0,Struan,TRUE,FALSE,TRUE,FALSE,FALSE,FALSE,FALSE,FALSE,511,524,13
880,38,male    ,CS2_Positive_CS1_Negative,0,neitherBrand,TRUE,TRUE,TRUE,FALSE,FALSE,FALSE,FALSE,FALSE,735,736,1
1075,21,female  ,CS2_Positive_CS1_Negative,-4,Struan,TRUE,TRUE,TRUE,TRUE,FALSE,FALSE,FALSE,FALSE,483,473,-10
255,22,female  ,CS2_Positive_CS1_Negative,-8.25,Struan,TRUE,TRUE,TRUE,TRUE,FALSE,FALSE,FALSE,FALSE,579,565,-14
323,24,female  ,CS2_Positive_CS1_Negative,-5.75,Struan,TRUE,TRUE,TRUE,TRUE,FALSE,FALSE,FALSE,FALSE,647,657,10
515,18,female  ,CS2_Positive_CS1_Negative,-1.75,neitherBrand,TRUE,TRUE,TRUE,TRUE,FALSE,FALSE,FALSE,FALSE,525,543,18
443,25,female  ,CS2_Positive_CS1_Negative,-1,Morag,TRUE,TRUE,TRUE,FALSE,FALSE,FALSE,FALSE,FALSE,563,579,16
1188,20,male    ,CS2_Positive_CS1_Negative,-4,Struan,TRUE,FALSE,TRUE,TRUE,FALSE,FALSE,FALSE,FALSE,649,636,-13
943,34,female  ,CS2_Positive_CS1_Negative,-9.5,Struan,TRUE,TRUE,TRUE,TRUE,FALSE,FALSE,FALSE,FALSE,474,510,36
1119,44,male    ,CS2_Positive_CS1_Negative,-1,Struan,TRUE,TRUE,TRUE,TRUE,FALSE,FALSE,FALSE,FALSE,792,702,-90
804,32,female  ,CS2_Positive_CS1_Negative,0,Struan,TRUE,FALSE,TRUE,TRUE,FALSE,FALSE,FALSE,FALSE,537,594,57
428,41,female  ,CS2_Positive_CS1_Negative,0,Struan,TRUE,TRUE,TRUE,TRUE,FALSE,FALSE,FALSE,FALSE,636,638,2
908,27,male    ,CS2_Positive_CS1_Negative,0,neitherBrand,TRUE,TRUE,TRUE,TRUE,FALSE,FALSE,FALSE,FALSE,629,627,-2
855,36,female  ,CS2_Positive_CS1_Negative,-1,Struan,TRUE,TRUE,TRUE,FALSE,FALSE,FALSE,FALSE,FALSE,497,522,25
456,25,female  ,CS2_Positive_CS1_Negative,-0.5,neitherBrand,TRUE,TRUE,TRUE,FALSE,FALSE,FALSE,FALSE,FALSE,564,565,1
319,23,female  ,CS2_Positive_CS1_Negative,0,neitherBrand,TRUE,FALSE,TRUE,FALSE,FALSE,FALSE,FALSE,FALSE,662,674,12
499,32,male    ,CS2_Positive_CS1_Negative,-7.5,neitherBrand,TRUE,FALSE,TRUE,FALSE,FALSE,FALSE,FALSE,FALSE,689,716,27
1144,22,male    ,CS2_Positive_CS1_Negative,-1.25,Struan,TRUE,TRUE,TRUE,FALSE,FALSE,FALSE,FALSE,FALSE,590,584,-6
1195,34,male    ,CS2_Positive_CS1_Negative,0,Struan,TRUE,TRUE,TRUE,FALSE,FALSE,FALSE,FALSE,FALSE,519,502,-17
444,30,female  ,CS2_Positive_CS1_Negative,-4.25,Struan,TRUE,FALSE,TRUE,FALSE,FALSE,FALSE,FALSE,FALSE,547,566,19
484,34,male    ,CS2_Positive_CS1_Negative,0,Struan,TRUE,TRUE,TRUE,FALSE,FALSE,FALSE,FALSE,FALSE,556,554,-2
828,43,male    ,CS2_Positive_CS1_Negative,0,neitherBrand,TRUE,TRUE,TRUE,FALSE,FALSE,FALSE,FALSE,FALSE,592,580,-12
783,22,female  ,CS2_Positive_CS1_Negative,0,neitherBrand,TRUE,FALSE,FALSE,FALSE,FALSE,FALSE,FALSE,FALSE,508,518,10
180,34,female  ,CS2_Positive_CS1_Negative,0.25,Morag,TRUE,TRUE,TRUE,FALSE,FALSE,FALSE,FALSE,FALSE,707,715,8
248,26,male    ,CS2_Positive_CS1_Negative,-9.25,Struan,TRUE,TRUE,TRUE,FALSE,FALSE,FALSE,FALSE,FALSE,726,732,6
551,25,male    ,CS2_Positive_CS1_Negative,-2.5,neitherBrand,TRUE,TRUE,TRUE,FALSE,FALSE,FALSE,FALSE,FALSE,582,574,-8
336,32,female  ,CS2_Positive_CS1_Negative,0,Struan,TRUE,TRUE,FALSE,FALSE,FALSE,FALSE,FALSE,FALSE,582,571,-11
395,41,female  ,CS2_Positive_CS1_Negative,-4,neitherBrand,TRUE,TRUE,FALSE,FALSE,FALSE,FALSE,FALSE,FALSE,504,520,16
363,26,female  ,CS2_Positive_CS1_Negative,-9.75,Struan,TRUE,TRUE,TRUE,FALSE,FALSE,FALSE,FALSE,FALSE,592,587,-5
1007,29,female  ,CS2_Positive_CS1_Negative,-4.25,Struan,TRUE,TRUE,FALSE,FALSE,FALSE,FALSE,FALSE,FALSE,810,793,-17
100,21,male    ,CS2_Positive_CS1_Negative,-1.75,Struan,TRUE,TRUE,TRUE,TRUE,FALSE,FALSE,FALSE,FALSE,644,646,2
408,29,male    ,CS2_Positive_CS1_Negative,-8.25,neitherBrand,TRUE,TRUE,TRUE,TRUE,FALSE,FALSE,FALSE,FALSE,657,701,44
1031,23,male    ,CS2_Positive_CS1_Negative,0.75,Struan,TRUE,TRUE,TRUE,TRUE,FALSE,FALSE,FALSE,FALSE,583,614,31
16,31,male    ,CS2_Positive_CS1_Negative,-10,Struan,TRUE,TRUE,TRUE,TRUE,FALSE,FALSE,FALSE,FALSE,579,597,18
223,21,female  ,CS2_Positive_CS1_Negative,-8,Struan,TRUE,TRUE,TRUE,TRUE,FALSE,FALSE,FALSE,FALSE,551,589,38
655,19,female  ,CS2_Positive_CS1_Negative,-5,neitherBrand,TRUE,TRUE,TRUE,TRUE,FALSE,FALSE,FALSE,FALSE,519,501,-18
304,31,female  ,CS2_Positive_CS1_Negative,-7,Struan,TRUE,FALSE,TRUE,TRUE,FALSE,FALSE,FALSE,FALSE,729,771,42
48,39,male    ,CS2_Positive_CS1_Negative,0,Struan,TRUE,TRUE,TRUE,TRUE,FALSE,FALSE,FALSE,FALSE,632,626,-6
560,25,female  ,CS2_Positive_CS1_Negative,-10,Struan,TRUE,TRUE,TRUE,TRUE,FALSE,FALSE,FALSE,FALSE,658,676,18
696,19,male    ,CS2_Positive_CS1_Negative,-1.5,Struan,TRUE,TRUE,TRUE,TRUE,FALSE,FALSE,FALSE,FALSE,475,463,-12
864,24,female  ,CS2_Positive_CS1_Negative,-3,neitherBrand,TRUE,TRUE,TRUE,TRUE,FALSE,FALSE,FALSE,FALSE,625,606,-19
1112,20,female  ,CS2_Positive_CS1_Negative,-8,Struan,TRUE,TRUE,TRUE,TRUE,FALSE,FALSE,FALSE,FALSE,539,565,26
132,25,male    ,CS2_Positive_CS1_Negative,-4.75,neitherBrand,TRUE,TRUE,TRUE,TRUE,FALSE,FALSE,FALSE,FALSE,544,566,22
884,18,male    ,CS2_Positive_CS1_Negative,-6,Struan,TRUE,TRUE,TRUE,TRUE,FALSE,FALSE,FALSE,FALSE,547,538,-9
460,27,female  ,CS2_Positive_CS1_Negative,-6,Struan,TRUE,TRUE,TRUE,TRUE,FALSE,FALSE,FALSE,FALSE,569,612,43
675,45,female  ,CS2_Positive_CS1_Negative,-2,neitherBrand,TRUE,TRUE,TRUE,TRUE,FALSE,FALSE,FALSE,FALSE,674,695,21
684,26,male    ,CS2_Positive_CS1_Negative,-7,Morag,TRUE,TRUE,TRUE,TRUE,FALSE,FALSE,FALSE,FALSE,572,695,123
532,25,female  ,CS2_Positive_CS1_Negative,-5.75,neitherBrand,TRUE,FALSE,TRUE,TRUE,FALSE,FALSE,FALSE,FALSE,484,512,28
324,42,male    ,CS2_Positive_CS1_Negative,-6,Struan,TRUE,TRUE,TRUE,TRUE,FALSE,FALSE,FALSE,FALSE,673,683,10
591,36,female  ,CS2_Positive_CS1_Negative,-6,Struan,TRUE,TRUE,TRUE,TRUE,FALSE,FALSE,FALSE,FALSE,523,513,-10
807,25,female  ,CS2_Positive_CS1_Negative,-6.5,Struan,TRUE,TRUE,TRUE,TRUE,FALSE,FALSE,FALSE,FALSE,534,582,48
931,26,male    ,CS2_Positive_CS1_Negative,-10,Struan,TRUE,TRUE,TRUE,TRUE,FALSE,FALSE,FALSE,FALSE,506,522,16
992,32,male    ,CS2_Positive_CS1_Negative,-1.5,Struan,TRUE,TRUE,TRUE,TRUE,FALSE,FALSE,FALSE,FALSE,661,646,-15
752,20,female  ,CS2_Positive_CS1_Negative,-5,Struan,TRUE,TRUE,TRUE,TRUE,FALSE,FALSE,FALSE,FALSE,520,552,32
512,25,female  ,CS2_Positive_CS1_Negative,-6,neitherBrand,TRUE,TRUE,TRUE,TRUE,FALSE,FALSE,FALSE,FALSE,569,548,-21
896,42,female  ,CS2_Positive_CS1_Negative,-10,Struan,TRUE,TRUE,TRUE,TRUE,FALSE,FALSE,FALSE,FALSE,597,565,-32
1184,21,female  ,CS2_Positive_CS1_Negative,-1.75,Morag,TRUE,TRUE,TRUE,TRUE,FALSE,FALSE,FALSE,FALSE,497,499,2
507,32,female  ,CS2_Positive_CS1_Negative,-3.5,Struan,TRUE,TRUE,TRUE,TRUE,FALSE,FALSE,FALSE,FALSE,492,497,5
651,27,male    ,CS2_Positive_CS1_Negative,-3.25,Struan,TRUE,TRUE,TRUE,TRUE,FALSE,FALSE,FALSE,FALSE,582,581,-1
283,24,male    ,CS2_Positive_CS1_Negative,-5,Struan,TRUE,TRUE,TRUE,TRUE,FALSE,FALSE,FALSE,FALSE,458,479,21
1199,29,female  ,CS2_Positive_CS1_Negative,-10,Struan,TRUE,TRUE,TRUE,TRUE,FALSE,FALSE,FALSE,FALSE,594,626,32
1260,18,female  ,CS2_Positive_CS1_Negative,-5,Struan,TRUE,TRUE,TRUE,TRUE,FALSE,FALSE,FALSE,FALSE,641,668,27
1132,34,male    ,CS2_Positive_CS1_Negative,-5.25,Struan,TRUE,TRUE,TRUE,TRUE,FALSE,FALSE,FALSE,FALSE,438,443,5
520,36,male    ,CS2_Positive_CS1_Negative,-7.5,Struan,TRUE,TRUE,TRUE,TRUE,FALSE,FALSE,FALSE,FALSE,580,557,-23
339,22,male    ,CS2_Positive_CS1_Negative,-7.5,Struan,TRUE,TRUE,TRUE,TRUE,FALSE,FALSE,FALSE,FALSE,513,520,7
607,19,male    ,CS2_Positive_CS1_Negative,-4.5,Struan,TRUE,TRUE,TRUE,TRUE,FALSE,FALSE,FALSE,FALSE,707,710,3
400,27,female  ,CS2_Positive_CS1_Negative,-5,neitherBrand,TRUE,TRUE,TRUE,TRUE,FALSE,FALSE,FALSE,FALSE,579,576,-3
868,35,female  ,CS2_Positive_CS1_Negative,-8,Struan,TRUE,TRUE,TRUE,TRUE,FALSE,FALSE,FALSE,FALSE,611,617,6
1136,40,male    ,CS2_Positive_CS1_Negative,-9,Struan,TRUE,TRUE,TRUE,TRUE,FALSE,FALSE,FALSE,FALSE,595,575,-20
744,22,female  ,CS2_Positive_CS1_Negative,-2,neitherBrand,TRUE,TRUE,TRUE,TRUE,FALSE,FALSE,FALSE,FALSE,555,588,33
63,24,male    ,CS2_Positive_CS1_Negative,-5.5,Struan,TRUE,TRUE,TRUE,TRUE,FALSE,FALSE,FALSE,FALSE,766,810,44
523,25,male    ,CS2_Positive_CS1_Negative,-10,Struan,TRUE,TRUE,TRUE,TRUE,FALSE,FALSE,FALSE,TRUE,492,532,40
1131,24,male    ,CS2_Positive_CS1_Negative,-1,Struan,TRUE,TRUE,TRUE,FALSE,FALSE,FALSE,FALSE,TRUE,581,604,23
848,28,male    ,CS2_Positive_CS1_Negative,-10,Struan,TRUE,TRUE,FALSE,TRUE,FALSE,FALSE,FALSE,TRUE,729,694,-35
1027,26,female  ,CS2_Positive_CS1_Negative,-5,neitherBrand,TRUE,TRUE,TRUE,TRUE,FALSE,FALSE,FALSE,TRUE,573,607,34
552,29,female  ,CS2_Positive_CS1_Negative,-6,Struan,TRUE,TRUE,TRUE,TRUE,FALSE,FALSE,FALSE,TRUE,613,612,-1
427,27,female  ,CS2_Positive_CS1_Negative,-10,Struan,TRUE,TRUE,TRUE,TRUE,FALSE,FALSE,FALSE,TRUE,564,547,-17
555,19,male    ,CS2_Positive_CS1_Negative,-8,Struan,TRUE,TRUE,TRUE,TRUE,FALSE,FALSE,FALSE,TRUE,593,580,-13
1052,37,male    ,CS2_Positive_CS1_Negative,4.5,neitherBrand,TRUE,TRUE,TRUE,TRUE,FALSE,FALSE,TRUE,FALSE,427,409,-18
907,28,male    ,CS2_Positive_CS1_Negative,7.5,Morag,TRUE,FALSE,FALSE,FALSE,FALSE,FALSE,TRUE,TRUE,396,470,74
1212,20,female  ,CS2_Positive_CS1_Negative,3.25,Morag,TRUE,TRUE,TRUE,TRUE,FALSE,FALSE,TRUE,TRUE,688,736,48
504,26,female  ,CS2_Positive_CS1_Negative,-6,Struan,TRUE,TRUE,TRUE,TRUE,FALSE,FALSE,TRUE,TRUE,611,599,-12
208,41,male    ,CS2_Positive_CS1_Negative,-6.25,Struan,TRUE,FALSE,TRUE,FALSE,FALSE,TRUE,FALSE,FALSE,605,618,13
639,27,male    ,CS2_Positive_CS1_Negative,-0.25,Struan,TRUE,FALSE,TRUE,FALSE,FALSE,TRUE,FALSE,FALSE,678,643,-35
127,18,male    ,CS2_Positive_CS1_Negative,-1.25,neitherBrand,TRUE,TRUE,TRUE,FALSE,FALSE,TRUE,FALSE,FALSE,590,607,17
331,25,female  ,CS2_Positive_CS1_Negative,0,neitherBrand,TRUE,TRUE,TRUE,FALSE,FALSE,TRUE,FALSE,FALSE,619,655,36
1063,22,female  ,CS2_Positive_CS1_Negative,-2.75,Struan,TRUE,TRUE,TRUE,TRUE,FALSE,TRUE,FALSE,FALSE,552,555,3
724,25,male    ,CS2_Positive_CS1_Negative,-4,Struan,TRUE,TRUE,FALSE,TRUE,FALSE,TRUE,FALSE,FALSE,532,530,-2
375,39,female  ,CS2_Positive_CS1_Negative,-3.5,neitherBrand,TRUE,TRUE,TRUE,TRUE,FALSE,TRUE,FALSE,TRUE,544,544,0
335,25,female  ,CS2_Positive_CS1_Negative,-10,Struan,TRUE,FALSE,TRUE,TRUE,FALSE,TRUE,TRUE,TRUE,769,741,-28
791,29,male    ,CS2_Positive_CS1_Negative,-2.5,Struan,TRUE,TRUE,TRUE,TRUE,TRUE,FALSE,FALSE,TRUE,512,533,21
1047,18,female  ,CS2_Positive_CS1_Negative,-5.5,Struan,TRUE,TRUE,TRUE,TRUE,TRUE,FALSE,FALSE,FALSE,669,618,-51
260,20,female  ,CS2_Positive_CS1_Negative,-9,Morag,TRUE,TRUE,TRUE,TRUE,TRUE,FALSE,FALSE,FALSE,582,625,43
184,23,female  ,CS2_Positive_CS1_Negative,0,Morag,TRUE,TRUE,TRUE,FALSE,TRUE,FALSE,FALSE,FALSE,529,544,15
307,26,female  ,CS2_Positive_CS1_Negative,-0.25,Morag,TRUE,TRUE,TRUE,FALSE,TRUE,FALSE,FALSE,FALSE,685,674,-11
812,18,male    ,CS2_Positive_CS1_Negative,0,Struan,TRUE,TRUE,TRUE,TRUE,TRUE,FALSE,FALSE,FALSE,659,666,7
136,21,male    ,CS2_Positive_CS1_Negative,-4.25,Struan,TRUE,TRUE,TRUE,TRUE,TRUE,FALSE,FALSE,TRUE,564,603,39
1175,24,female  ,CS2_Positive_CS1_Negative,-6,neitherBrand,TRUE,TRUE,TRUE,TRUE,TRUE,FALSE,FALSE,TRUE,546,539,-7
580,38,female  ,CS2_Positive_CS1_Negative,-3,neitherBrand,TRUE,TRUE,TRUE,TRUE,TRUE,FALSE,FALSE,TRUE,652,637,-15
1083,18,male    ,CS2_Positive_CS1_Negative,-5.5,Struan,TRUE,TRUE,TRUE,TRUE,TRUE,FALSE,TRUE,FALSE,538,527,-11
959,25,female  ,CS2_Positive_CS1_Negative,-10,Struan,TRUE,FALSE,TRUE,TRUE,TRUE,FALSE,TRUE,TRUE,543,516,-27
527,18,male    ,CS2_Positive_CS1_Negative,-7,Struan,TRUE,TRUE,TRUE,TRUE,TRUE,TRUE,FALSE,FALSE,533,537,4
564,30,male    ,CS2_Positive_CS1_Negative,-10,Struan,TRUE,TRUE,TRUE,TRUE,TRUE,TRUE,FALSE,FALSE,580,594,14
635,30,male    ,CS2_Positive_CS1_Negative,-2.75,Struan,TRUE,TRUE,TRUE,TRUE,TRUE,TRUE,FALSE,FALSE,587,542,-45
47,20,male    ,CS2_Positive_CS1_Negative,-9,Struan,TRUE,TRUE,TRUE,TRUE,TRUE,TRUE,FALSE,TRUE,514,507,-7
627,23,male    ,CS2_Positive_CS1_Negative,-1,Struan,TRUE,FALSE,TRUE,TRUE,TRUE,TRUE,TRUE,TRUE,569,632,63
159,28,male    ,CS2_Positive_CS1_Negative,0,neitherBrand,FALSE,TRUE,FALSE,FALSE,FALSE,FALSE,FALSE,FALSE,543,548,5
116,21,female  ,CS2_Positive_CS1_Negative,6,neitherBrand,FALSE,TRUE,FALSE,FALSE,FALSE,FALSE,FALSE,FALSE,561,559,-2
648,41,male    ,CS2_Positive_CS1_Negative,0,neitherBrand,FALSE,TRUE,FALSE,FALSE,FALSE,FALSE,FALSE,FALSE,579,584,5
599,29,male    ,CS2_Positive_CS1_Negative,3,neitherBrand,FALSE,TRUE,FALSE,FALSE,FALSE,FALSE,FALSE,FALSE,720,687,-33
1004,40,female  ,CS2_Positive_CS1_Negative,-4,Struan,FALSE,FALSE,FALSE,FALSE,FALSE,FALSE,FALSE,FALSE,617,592,-25
1240,25,female  ,CS2_Positive_CS1_Negative,-0.5,Struan,FALSE,FALSE,FALSE,FALSE,FALSE,FALSE,FALSE,FALSE,848,888,40
996,35,female  ,CS2_Positive_CS1_Negative,0.25,Morag,FALSE,TRUE,TRUE,FALSE,FALSE,FALSE,FALSE,TRUE,739,687,-52
108,33,female  ,CS2_Positive_CS1_Negative,0,Morag,FALSE,TRUE,TRUE,FALSE,FALSE,TRUE,FALSE,FALSE,818,781,-37
440,31,male    ,CS2_Positive_CS1_Negative,-2.25,Struan,FALSE,TRUE,TRUE,TRUE,FALSE,FALSE,FALSE,FALSE,639,705,66
904,18,female  ,CS2_Positive_CS1_Negative,4,Struan,FALSE,TRUE,TRUE,TRUE,FALSE,FALSE,FALSE,FALSE,481,490,9
1028,21,female  ,CS2_Positive_CS1_Negative,1,Morag,FALSE,TRUE,TRUE,TRUE,FALSE,FALSE,FALSE,FALSE,478,478,0
988,40,male    ,CS2_Positive_CS1_Negative,-0.5,neitherBrand,FALSE,TRUE,FALSE,TRUE,FALSE,FALSE,FALSE,FALSE,544,555,11
1104,25,female  ,CS2_Positive_CS1_Negative,-3,Morag,FALSE,FALSE,FALSE,TRUE,FALSE,FALSE,FALSE,FALSE,612,601,-11
859,29,male    ,CS2_Positive_CS1_Negative,-0.5,Struan,FALSE,FALSE,FALSE,FALSE,FALSE,FALSE,FALSE,FALSE,507,518,11
311,18,male    ,CS2_Positive_CS1_Negative,2.25,Struan,FALSE,FALSE,FALSE,TRUE,FALSE,FALSE,FALSE,FALSE,523,487,-36
123,22,male    ,CS2_Positive_CS1_Negative,0,Struan,FALSE,FALSE,FALSE,TRUE,FALSE,FALSE,FALSE,FALSE,558,538,-20
568,20,male    ,CS2_Positive_CS1_Negative,2,Morag,FALSE,TRUE,FALSE,FALSE,FALSE,FALSE,FALSE,FALSE,568,540,-28
1244,32,female  ,CS2_Positive_CS1_Negative,-0.75,Struan,FALSE,TRUE,TRUE,FALSE,FALSE,FALSE,FALSE,FALSE,526,535,9
779,26,male    ,CS2_Positive_CS1_Negative,-3,neitherBrand,FALSE,TRUE,TRUE,FALSE,FALSE,FALSE,FALSE,FALSE,690,793,103
99,33,female  ,CS2_Positive_CS1_Negative,-1,Morag,FALSE,TRUE,FALSE,FALSE,FALSE,FALSE,FALSE,FALSE,657,638,-19
971,34,female  ,CS2_Positive_CS1_Negative,1,neitherBrand,FALSE,FALSE,FALSE,FALSE,FALSE,FALSE,FALSE,FALSE,520,477,-43
883,22,female  ,CS2_Positive_CS1_Negative,0,Morag,FALSE,TRUE,FALSE,FALSE,FALSE,FALSE,FALSE,FALSE,525,558,33
1107,18,male    ,CS2_Positive_CS1_Negative,7,Morag,FALSE,TRUE,FALSE,FALSE,FALSE,FALSE,FALSE,FALSE,572,524,-48
763,19,female  ,CS2_Positive_CS1_Negative,4.75,Morag,FALSE,TRUE,FALSE,FALSE,FALSE,FALSE,FALSE,FALSE,572,539,-33
1215,30,female  ,CS2_Positive_CS1_Negative,1,Morag,FALSE,TRUE,FALSE,FALSE,FALSE,FALSE,FALSE,FALSE,611,573,-38
72,21,female  ,CS2_Positive_CS1_Negative,-2.5,neitherBrand,FALSE,FALSE,TRUE,FALSE,FALSE,FALSE,FALSE,FALSE,678,630,-48
19,20,female  ,CS2_Positive_CS1_Negative,5,Morag,FALSE,TRUE,TRUE,FALSE,FALSE,FALSE,FALSE,FALSE,662,619,-43
243,23,male    ,CS2_Positive_CS1_Negative,0,Morag,FALSE,FALSE,TRUE,FALSE,FALSE,FALSE,FALSE,FALSE,642,581,-61
951,33,male    ,CS2_Positive_CS1_Negative,0.25,Morag,FALSE,TRUE,TRUE,FALSE,FALSE,FALSE,FALSE,FALSE,634,577,-57
1216,26,male    ,CS2_Positive_CS1_Negative,1,neitherBrand,FALSE,TRUE,FALSE,TRUE,FALSE,FALSE,FALSE,FALSE,698,710,12
464,33,male    ,CS2_Positive_CS1_Negative,-6,Struan,FALSE,TRUE,TRUE,TRUE,FALSE,FALSE,FALSE,FALSE,585,563,-22
51,40,female  ,CS2_Positive_CS1_Negative,2,neitherBrand,FALSE,TRUE,FALSE,TRUE,FALSE,FALSE,FALSE,FALSE,719,719,0
947,44,female  ,CS2_Positive_CS1_Negative,0,Struan,FALSE,TRUE,FALSE,FALSE,FALSE,FALSE,FALSE,TRUE,576,576,0
843,35,male    ,CS2_Positive_CS1_Negative,0,neitherBrand,FALSE,TRUE,FALSE,FALSE,FALSE,FALSE,TRUE,TRUE,628,625,-3
811,33,female  ,CS2_Positive_CS1_Negative,1,Morag,FALSE,FALSE,FALSE,FALSE,FALSE,TRUE,FALSE,FALSE,555,528,-27
152,22,female  ,CS2_Positive_CS1_Negative,0,Struan,FALSE,TRUE,FALSE,FALSE,FALSE,TRUE,FALSE,FALSE,490,473,-17
12,18,female  ,CS2_Positive_CS1_Negative,1,Morag,FALSE,TRUE,TRUE,TRUE,FALSE,TRUE,FALSE,FALSE,672,663,-9
359,33,male    ,CS2_Positive_CS1_Negative,3.75,Struan,FALSE,FALSE,TRUE,FALSE,FALSE,TRUE,TRUE,FALSE,530,530,0
1084,26,male    ,CS2_Positive_CS1_Negative,2.75,neitherBrand,FALSE,TRUE,TRUE,FALSE,TRUE,FALSE,TRUE,FALSE,671,734,63
171,22,male    ,CS2_Positive_CS1_Negative,-0.75,Morag,FALSE,FALSE,TRUE,TRUE,TRUE,FALSE,FALSE,FALSE,665,685,20
176,22,male    ,CS2_Positive_CS1_Negative,4,Morag,FALSE,FALSE,TRUE,TRUE,TRUE,FALSE,TRUE,TRUE,710,682,-28
39,23,male    ,CS2_Positive_CS1_Negative,0.5,neitherBrand,FALSE,TRUE,TRUE,TRUE,TRUE,FALSE,TRUE,TRUE,585,611,26
519,22,female  ,CS2_Positive_CS1_Negative,1,neitherBrand,FALSE,TRUE,FALSE,FALSE,TRUE,TRUE,FALSE,FALSE,558,540,-18
567,25,male    ,CS2_Positive_CS1_Negative,4.25,Morag,FALSE,TRUE,TRUE,TRUE,TRUE,TRUE,FALSE,TRUE,599,635,36
103,26,female  ,CS2_Positive_CS1_Negative,4.25,Morag,FALSE,TRUE,FALSE,FALSE,TRUE,TRUE,TRUE,FALSE,540,517,-23
980,26,female  ,CS2_Positive_CS1_Negative,1,Struan,FALSE,TRUE,FALSE,FALSE,FALSE,FALSE,FALSE,TRUE,495,519,24
559,35,male    ,CS2_Positive_CS1_Negative,1,Morag,FALSE,FALSE,TRUE,TRUE,FALSE,TRUE,FALSE,FALSE,632,621,-11
399,44,male    ,CS2_Positive_CS1_Negative,0,neitherBrand,FALSE,TRUE,TRUE,TRUE,FALSE,FALSE,FALSE,FALSE,567,569,2
372,27,male    ,CS2_Positive_CS1_Negative,-3.75,Struan,FALSE,FALSE,TRUE,TRUE,FALSE,FALSE,TRUE,TRUE,753,708,-45
1222,30,female  ,CS1_Positive_CS2_Negative,0,neitherBrand,FALSE,FALSE,TRUE,FALSE,FALSE,FALSE,FALSE,FALSE,487,480,-7
134,27,female  ,CS1_Positive_CS2_Negative,2.25,Morag,FALSE,FALSE,FALSE,FALSE,FALSE,FALSE,TRUE,TRUE,699,700,1
1238,34,male    ,CS1_Positive_CS2_Negative,1.5,neitherBrand,FALSE,FALSE,FALSE,FALSE,FALSE,FALSE,FALSE,FALSE,662,639,-23
166,21,female  ,CS1_Positive_CS2_Negative,0.75,Morag,FALSE,TRUE,FALSE,TRUE,FALSE,FALSE,FALSE,FALSE,542,560,18
966,20,male    ,CS1_Positive_CS2_Negative,8.5,Morag,FALSE,FALSE,TRUE,TRUE,FALSE,FALSE,FALSE,FALSE,692,716,24
558,18,male    ,CS1_Positive_CS2_Negative,-2,neitherBrand,FALSE,TRUE,FALSE,FALSE,FALSE,TRUE,FALSE,FALSE,651,615,-36
913,23,female  ,CS1_Positive_CS2_Negative,0,neitherBrand,FALSE,TRUE,TRUE,FALSE,FALSE,FALSE,FALSE,FALSE,657,660,3
461,37,female  ,CS1_Positive_CS2_Negative,-0.25,Struan,FALSE,FALSE,FALSE,FALSE,FALSE,FALSE,FALSE,FALSE,462,492,30
358,32,male    ,CS1_Positive_CS2_Negative,0,neitherBrand,FALSE,TRUE,TRUE,FALSE,FALSE,FALSE,FALSE,TRUE,653,630,-23
650,26,male    ,CS1_Positive_CS2_Negative,1.5,Morag,FALSE,TRUE,TRUE,TRUE,FALSE,FALSE,FALSE,FALSE,634,614,-20
373,38,female  ,CS1_Positive_CS2_Negative,4.75,Morag,FALSE,FALSE,FALSE,TRUE,FALSE,FALSE,FALSE,FALSE,537,536,-1
1118,50,male    ,CS1_Positive_CS2_Negative,0,neitherBrand,FALSE,TRUE,FALSE,FALSE,FALSE,FALSE,FALSE,FALSE,577,566,-11
57,30,female  ,CS1_Positive_CS2_Negative,-0.25,Morag,FALSE,TRUE,FALSE,FALSE,FALSE,FALSE,FALSE,FALSE,631,581,-50
1089,38,male    ,CS1_Positive_CS2_Negative,0,neitherBrand,FALSE,FALSE,FALSE,FALSE,FALSE,FALSE,FALSE,FALSE,472,466,-6
173,29,male    ,CS1_Positive_CS2_Negative,0,Struan,FALSE,TRUE,TRUE,FALSE,FALSE,FALSE,FALSE,FALSE,577,585,8
1097,25,female  ,CS1_Positive_CS2_Negative,-0.25,neitherBrand,FALSE,TRUE,TRUE,FALSE,FALSE,FALSE,FALSE,FALSE,634,648,14
110,40,male    ,CS1_Positive_CS2_Negative,0,Struan,FALSE,TRUE,FALSE,FALSE,FALSE,FALSE,FALSE,FALSE,615,635,20
1257,34,male    ,CS1_Positive_CS2_Negative,-1,Struan,FALSE,TRUE,FALSE,TRUE,FALSE,FALSE,FALSE,FALSE,640,617,-23
253,31,male    ,CS1_Positive_CS2_Negative,2.25,Morag,FALSE,TRUE,FALSE,TRUE,FALSE,FALSE,FALSE,FALSE,584,602,18
645,38,female  ,CS1_Positive_CS2_Negative,0,Morag,FALSE,TRUE,FALSE,TRUE,FALSE,FALSE,FALSE,FALSE,711,714,3
186,38,female  ,CS1_Positive_CS2_Negative,0,Struan,FALSE,FALSE,FALSE,FALSE,FALSE,FALSE,FALSE,FALSE,559,586,27
894,36,male    ,CS1_Positive_CS2_Negative,-4.5,Struan,FALSE,FALSE,FALSE,FALSE,FALSE,FALSE,FALSE,FALSE,582,586,4
753,22,male    ,CS1_Positive_CS2_Negative,0.75,neitherBrand,FALSE,TRUE,FALSE,FALSE,FALSE,FALSE,FALSE,FALSE,528,546,18
454,35,female  ,CS1_Positive_CS2_Negative,0,Morag,FALSE,TRUE,FALSE,FALSE,FALSE,FALSE,FALSE,FALSE,665,642,-23
274,30,female  ,CS1_Positive_CS2_Negative,2,Struan,FALSE,TRUE,FALSE,FALSE,FALSE,FALSE,FALSE,FALSE,443,458,15
282,44,male    ,CS1_Positive_CS2_Negative,0,Struan,FALSE,FALSE,FALSE,FALSE,FALSE,FALSE,FALSE,FALSE,532,559,27
1210,25,female  ,CS1_Positive_CS2_Negative,-2.25,Morag,FALSE,TRUE,FALSE,FALSE,FALSE,FALSE,FALSE,FALSE,696,725,29
634,24,male    ,CS1_Positive_CS2_Negative,0,Struan,FALSE,FALSE,FALSE,FALSE,FALSE,FALSE,FALSE,FALSE,602,633,31
258,36,female  ,CS1_Positive_CS2_Negative,0,neitherBrand,FALSE,FALSE,FALSE,FALSE,FALSE,FALSE,FALSE,FALSE,591,612,21
118,32,male    ,CS1_Positive_CS2_Negative,0.25,neitherBrand,FALSE,TRUE,TRUE,FALSE,FALSE,FALSE,FALSE,FALSE,523,528,5
630,42,female  ,CS1_Positive_CS2_Negative,0,neitherBrand,FALSE,TRUE,FALSE,FALSE,FALSE,FALSE,FALSE,FALSE,486,502,16
1253,26,female  ,CS1_Positive_CS2_Negative,-1.25,neitherBrand,FALSE,TRUE,FALSE,FALSE,FALSE,FALSE,FALSE,FALSE,687,708,21
574,18,male    ,CS1_Positive_CS2_Negative,2.25,neitherBrand,FALSE,TRUE,FALSE,FALSE,FALSE,FALSE,FALSE,FALSE,533,518,-15
409,19,female  ,CS1_Positive_CS2_Negative,1,Morag,FALSE,TRUE,FALSE,FALSE,FALSE,FALSE,FALSE,FALSE,568,590,22
949,30,male    ,CS1_Positive_CS2_Negative,0,Struan,FALSE,TRUE,FALSE,FALSE,FALSE,FALSE,FALSE,FALSE,623,607,-16
1249,33,male    ,CS1_Positive_CS2_Negative,0,neitherBrand,FALSE,TRUE,FALSE,FALSE,FALSE,FALSE,FALSE,FALSE,428,434,6
537,41,male    ,CS1_Positive_CS2_Negative,0,neitherBrand,FALSE,TRUE,FALSE,FALSE,FALSE,FALSE,FALSE,FALSE,578,556,-22
942,45,male    ,CS1_Positive_CS2_Negative,-4,Struan,FALSE,TRUE,FALSE,FALSE,FALSE,FALSE,FALSE,FALSE,692,707,15
1245,23,male    ,CS1_Positive_CS2_Negative,0,neitherBrand,FALSE,TRUE,FALSE,FALSE,FALSE,FALSE,FALSE,FALSE,521,549,28
970,18,female  ,CS1_Positive_CS2_Negative,-6.25,Struan,FALSE,TRUE,FALSE,FALSE,FALSE,FALSE,FALSE,FALSE,592,613,21
254,25,male    ,CS1_Positive_CS2_Negative,2,Morag,FALSE,TRUE,FALSE,TRUE,FALSE,FALSE,FALSE,FALSE,548,573,25
938,30,male    ,CS1_Positive_CS2_Negative,-4,Struan,FALSE,TRUE,FALSE,TRUE,FALSE,FALSE,FALSE,FALSE,576,574,-2
506,36,male    ,CS1_Positive_CS2_Negative,0,Morag,FALSE,FALSE,TRUE,FALSE,FALSE,FALSE,FALSE,TRUE,684,735,51
893,37,male    ,CS1_Positive_CS2_Negative,2,neitherBrand,FALSE,TRUE,FALSE,FALSE,FALSE,FALSE,FALSE,TRUE,471,472,1
1258,26,male    ,CS1_Positive_CS2_Negative,0.25,Struan,FALSE,FALSE,TRUE,FALSE,FALSE,TRUE,FALSE,FALSE,665,641,-24
909,36,male    ,CS1_Positive_CS2_Negative,-0.25,Struan,FALSE,TRUE,FALSE,FALSE,FALSE,TRUE,FALSE,FALSE,617,645,28
350,25,female  ,CS1_Positive_CS2_Negative,0,Struan,FALSE,TRUE,FALSE,FALSE,FALSE,TRUE,FALSE,FALSE,629,592,-37
878,31,male    ,CS1_Positive_CS2_Negative,-1,neitherBrand,FALSE,FALSE,FALSE,FALSE,TRUE,FALSE,FALSE,FALSE,491,528,37
1145,45,female  ,CS1_Positive_CS2_Negative,10,Morag,FALSE,FALSE,TRUE,FALSE,TRUE,FALSE,FALSE,TRUE,587,597,10
994,37,male    ,CS1_Positive_CS2_Negative,0.75,Morag,FALSE,TRUE,FALSE,TRUE,FALSE,FALSE,FALSE,FALSE,577,601,24
29,38,female  ,CS1_Positive_CS2_Negative,-1,Struan,FALSE,FALSE,FALSE,FALSE,FALSE,FALSE,FALSE,FALSE,333,359,26
141,35,male    ,CS1_Positive_CS2_Negative,2,neitherBrand,FALSE,TRUE,FALSE,FALSE,FALSE,FALSE,FALSE,FALSE,595,621,26
961,27,female  ,CS1_Positive_CS2_Negative,0,Morag,FALSE,TRUE,FALSE,FALSE,FALSE,FALSE,FALSE,FALSE,636,654,18
738,27,male    ,CS1_Positive_CS2_Negative,3,neitherBrand,FALSE,FALSE,FALSE,FALSE,FALSE,FALSE,FALSE,FALSE,429,431,2
1058,32,male    ,CS1_Positive_CS2_Negative,4.25,neitherBrand,FALSE,FALSE,FALSE,TRUE,FALSE,FALSE,TRUE,FALSE,563,554,-9
441,37,female  ,CS1_Positive_CS2_Negative,-3,Struan,FALSE,TRUE,FALSE,FALSE,FALSE,FALSE,FALSE,FALSE,672,675,3
1030,33,female  ,CS1_Positive_CS2_Negative,-5,Struan,FALSE,TRUE,FALSE,TRUE,FALSE,FALSE,FALSE,FALSE,577,568,-9
958,38,male    ,CS1_Positive_CS2_Negative,0,Morag,FALSE,FALSE,TRUE,FALSE,FALSE,FALSE,TRUE,FALSE,608,562,-46
957,19,male    ,CS1_Positive_CS2_Negative,-3,Struan,FALSE,TRUE,FALSE,FALSE,FALSE,FALSE,FALSE,FALSE,570,565,-5
73,34,female  ,CS1_Positive_CS2_Negative,1.5,Struan,FALSE,TRUE,FALSE,FALSE,FALSE,FALSE,FALSE,FALSE,610,643,33
1038,18,male    ,CS1_Positive_CS2_Negative,-1.25,Struan,FALSE,TRUE,FALSE,FALSE,FALSE,FALSE,FALSE,FALSE,470,468,-2
758,24,male    ,CS1_Positive_CS2_Negative,0,Struan,FALSE,FALSE,FALSE,FALSE,FALSE,FALSE,FALSE,FALSE,674,677,3
661,20,male    ,CS1_Positive_CS2_Negative,-1,neitherBrand,FALSE,TRUE,TRUE,FALSE,FALSE,FALSE,FALSE,FALSE,603,622,19
530,43,male    ,CS1_Positive_CS2_Negative,-1.25,Struan,FALSE,TRUE,TRUE,FALSE,FALSE,FALSE,FALSE,FALSE,699,701,2
77,33,female  ,CS1_Positive_CS2_Negative,-5,neitherBrand,FALSE,TRUE,TRUE,TRUE,FALSE,FALSE,FALSE,FALSE,658,688,30
1178,21,female  ,CS1_Positive_CS2_Negative,-5.75,Struan,FALSE,TRUE,FALSE,TRUE,FALSE,TRUE,FALSE,FALSE,535,540,5
901,27,female  ,CS1_Positive_CS2_Negative,-6.75,Struan,FALSE,TRUE,FALSE,FALSE,FALSE,FALSE,FALSE,FALSE,786,781,-5
841,23,female  ,CS1_Positive_CS2_Negative,0,Struan,FALSE,TRUE,FALSE,FALSE,FALSE,FALSE,FALSE,FALSE,521,520,-1
149,42,female  ,CS1_Positive_CS2_Negative,-0.75,neitherBrand,FALSE,FALSE,TRUE,FALSE,FALSE,FALSE,FALSE,FALSE,594,574,-20
337,29,female  ,CS1_Positive_CS2_Negative,1,neitherBrand,FALSE,TRUE,TRUE,TRUE,FALSE,FALSE,FALSE,TRUE,636,616,-20
1093,21,female  ,CS1_Positive_CS2_Negative,0.5,neitherBrand,FALSE,TRUE,FALSE,FALSE,FALSE,FALSE,FALSE,FALSE,586,614,28
1037,35,male    ,CS1_Positive_CS2_Negative,-4.25,Struan,FALSE,FALSE,FALSE,FALSE,FALSE,FALSE,FALSE,FALSE,598,561,-37
453,27,male    ,CS1_Positive_CS2_Negative,-1.75,Morag,FALSE,TRUE,TRUE,TRUE,FALSE,FALSE,FALSE,FALSE,696,675,-21
890,33,male    ,CS1_Positive_CS2_Negative,-2.5,Struan,FALSE,TRUE,FALSE,FALSE,FALSE,FALSE,FALSE,FALSE,552,504,-48
221,25,female  ,CS1_Positive_CS2_Negative,0,Struan,FALSE,TRUE,FALSE,TRUE,FALSE,FALSE,FALSE,FALSE,577,561,-16
637,24,female  ,CS1_Positive_CS2_Negative,-8.25,Struan,FALSE,TRUE,TRUE,TRUE,FALSE,FALSE,FALSE,FALSE,545,495,-50
749,25,female  ,CS1_Positive_CS2_Negative,0,neitherBrand,FALSE,FALSE,FALSE,FALSE,FALSE,FALSE,FALSE,FALSE,694,700,6
46,35,male    ,CS1_Positive_CS2_Negative,0,neitherBrand,FALSE,TRUE,FALSE,FALSE,FALSE,FALSE,FALSE,FALSE,782,777,-5
877,23,male    ,CS1_Positive_CS2_Negative,0,Struan,FALSE,TRUE,TRUE,FALSE,FALSE,FALSE,FALSE,FALSE,637,582,-55
97,20,male    ,CS1_Positive_CS2_Negative,-4.75,Struan,FALSE,TRUE,FALSE,FALSE,FALSE,FALSE,FALSE,FALSE,561,543,-18
293,19,male    ,CS1_Positive_CS2_Negative,-1.75,Morag,FALSE,FALSE,FALSE,FALSE,FALSE,FALSE,FALSE,FALSE,665,646,-19
486,26,female  ,CS1_Positive_CS2_Negative,-2.75,neitherBrand,FALSE,TRUE,FALSE,FALSE,FALSE,FALSE,FALSE,FALSE,642,626,-16
1226,22,female  ,CS1_Positive_CS2_Negative,-4.25,Struan,FALSE,FALSE,FALSE,FALSE,FALSE,FALSE,FALSE,FALSE,594,632,38
1098,28,female  ,CS1_Positive_CS2_Negative,-2,neitherBrand,FALSE,TRUE,TRUE,FALSE,FALSE,FALSE,FALSE,FALSE,534,510,-24
1078,22,female  ,CS1_Positive_CS2_Negative,0,neitherBrand,FALSE,TRUE,TRUE,FALSE,FALSE,FALSE,FALSE,FALSE,537,581,44
150,31,male    ,CS1_Positive_CS2_Negative,-4.25,Struan,FALSE,FALSE,FALSE,FALSE,FALSE,FALSE,FALSE,FALSE,677,615,-62
681,27,female  ,CS1_Positive_CS2_Negative,-1,Struan,FALSE,TRUE,FALSE,FALSE,FALSE,FALSE,FALSE,FALSE,506,528,22
369,30,male    ,CS1_Positive_CS2_Negative,5.25,Morag,FALSE,TRUE,FALSE,TRUE,FALSE,FALSE,FALSE,FALSE,564,544,-20
1201,18,male    ,CS1_Positive_CS2_Negative,-2,Struan,FALSE,TRUE,FALSE,TRUE,FALSE,FALSE,FALSE,FALSE,591,534,-57
990,18,male    ,CS1_Positive_CS2_Negative,-7.75,Struan,FALSE,FALSE,FALSE,TRUE,FALSE,FALSE,FALSE,FALSE,717,708,-9
381,31,male    ,CS1_Positive_CS2_Negative,1.75,Struan,FALSE,TRUE,TRUE,TRUE,FALSE,FALSE,FALSE,FALSE,743,775,32
693,26,male    ,CS1_Positive_CS2_Negative,-5.25,Struan,FALSE,TRUE,TRUE,TRUE,FALSE,FALSE,FALSE,FALSE,793,723,-70
782,26,male    ,CS1_Positive_CS2_Negative,3.75,Struan,FALSE,FALSE,TRUE,FALSE,FALSE,FALSE,TRUE,FALSE,520,508,-12
813,21,female  ,CS1_Positive_CS2_Negative,-5,Struan,FALSE,TRUE,FALSE,TRUE,FALSE,TRUE,FALSE,FALSE,621,680,59
881,44,male    ,CS1_Positive_CS2_Negative,-1,Struan,FALSE,TRUE,TRUE,FALSE,FALSE,TRUE,FALSE,FALSE,722,830,108
1230,20,male    ,CS1_Positive_CS2_Negative,1.75,Struan,FALSE,FALSE,FALSE,TRUE,TRUE,FALSE,FALSE,TRUE,661,653,-8
401,20,male    ,CS1_Positive_CS2_Negative,1,Struan,FALSE,FALSE,FALSE,TRUE,TRUE,FALSE,FALSE,FALSE,560,543,-17
1162,27,male    ,CS1_Positive_CS2_Negative,-1.5,Morag,FALSE,TRUE,FALSE,TRUE,TRUE,TRUE,FALSE,FALSE,838,810,-28
589,29,male    ,CS1_Positive_CS2_Negative,0.25,Struan,FALSE,TRUE,FALSE,TRUE,FALSE,FALSE,FALSE,FALSE,658,624,-34
586,18,female  ,CS1_Positive_CS2_Negative,0,neitherBrand,FALSE,FALSE,FALSE,FALSE,FALSE,FALSE,FALSE,FALSE,714,729,15
169,36,female  ,CS1_Positive_CS2_Negative,2,Morag,TRUE,FALSE,TRUE,FALSE,FALSE,FALSE,FALSE,TRUE,497,499,2
1217,22,female  ,CS1_Positive_CS2_Negative,7.5,Morag,TRUE,TRUE,TRUE,TRUE,FALSE,FALSE,FALSE,FALSE,510,558,48
325,34,female  ,CS1_Positive_CS2_Negative,-2.5,Morag,TRUE,TRUE,TRUE,TRUE,FALSE,FALSE,FALSE,FALSE,606,664,58
313,33,male    ,CS1_Positive_CS2_Negative,10,Morag,TRUE,TRUE,TRUE,TRUE,FALSE,FALSE,FALSE,TRUE,703,635,-68
246,24,female  ,CS1_Positive_CS2_Negative,1,Morag,TRUE,FALSE,TRUE,TRUE,FALSE,FALSE,FALSE,FALSE,576,560,-16
93,38,male    ,CS1_Positive_CS2_Negative,8,Morag,TRUE,TRUE,TRUE,FALSE,FALSE,FALSE,FALSE,TRUE,704,727,23
845,21,female  ,CS1_Positive_CS2_Negative,3.75,Morag,TRUE,TRUE,TRUE,TRUE,FALSE,TRUE,FALSE,FALSE,541,559,18
1025,23,male    ,CS1_Positive_CS2_Negative,8,neitherBrand,TRUE,TRUE,TRUE,TRUE,FALSE,FALSE,FALSE,FALSE,619,622,3
1105,23,female  ,CS1_Positive_CS2_Negative,7,Struan,TRUE,TRUE,TRUE,TRUE,FALSE,FALSE,FALSE,FALSE,570,606,36
1254,24,male    ,CS1_Positive_CS2_Negative,0,Morag,TRUE,FALSE,TRUE,FALSE,FALSE,FALSE,FALSE,FALSE,564,557,-7
769,36,male    ,CS1_Positive_CS2_Negative,3.75,Struan,TRUE,TRUE,TRUE,TRUE,FALSE,FALSE,FALSE,FALSE,543,548,5
385,40,female  ,CS1_Positive_CS2_Negative,4,Morag,TRUE,FALSE,TRUE,FALSE,FALSE,FALSE,FALSE,FALSE,495,521,26
14,30,male    ,CS1_Positive_CS2_Negative,0,Morag,TRUE,TRUE,TRUE,FALSE,FALSE,FALSE,FALSE,FALSE,528,536,8
886,38,female  ,CS1_Positive_CS2_Negative,0,Morag,TRUE,TRUE,TRUE,FALSE,FALSE,FALSE,FALSE,FALSE,575,592,17
598,18,male    ,CS1_Positive_CS2_Negative,3.5,Morag,TRUE,TRUE,TRUE,TRUE,FALSE,FALSE,FALSE,FALSE,503,511,8
1237,25,female  ,CS1_Positive_CS2_Negative,0,Morag,TRUE,TRUE,TRUE,TRUE,FALSE,FALSE,FALSE,FALSE,525,557,32
602,29,male    ,CS1_Positive_CS2_Negative,-0.25,Struan,TRUE,FALSE,FALSE,TRUE,FALSE,FALSE,FALSE,FALSE,571,559,-12
78,26,female  ,CS1_Positive_CS2_Negative,3.25,Morag,TRUE,TRUE,FALSE,FALSE,FALSE,FALSE,FALSE,FALSE,529,537,8
821,22,male    ,CS1_Positive_CS2_Negative,8.25,Morag,TRUE,TRUE,TRUE,FALSE,FALSE,FALSE,FALSE,FALSE,636,626,-10
1090,19,female  ,CS1_Positive_CS2_Negative,0.75,Morag,TRUE,TRUE,TRUE,FALSE,FALSE,FALSE,FALSE,TRUE,670,680,10
470,36,female  ,CS1_Positive_CS2_Negative,1,Struan,TRUE,TRUE,TRUE,FALSE,FALSE,FALSE,FALSE,TRUE,623,651,28
205,38,male    ,CS1_Positive_CS2_Negative,9,Morag,TRUE,TRUE,TRUE,TRUE,FALSE,FALSE,FALSE,TRUE,713,670,-43
326,24,male    ,CS1_Positive_CS2_Negative,2.25,neitherBrand,TRUE,TRUE,TRUE,TRUE,FALSE,FALSE,FALSE,FALSE,577,528,-49
514,26,male    ,CS1_Positive_CS2_Negative,6,Morag,TRUE,TRUE,TRUE,TRUE,FALSE,FALSE,FALSE,FALSE,625,617,-8
1197,29,male    ,CS1_Positive_CS2_Negative,7.75,neitherBrand,TRUE,TRUE,TRUE,TRUE,FALSE,FALSE,FALSE,FALSE,419,422,3
393,21,male    ,CS1_Positive_CS2_Negative,10,Morag,TRUE,FALSE,TRUE,TRUE,FALSE,FALSE,FALSE,FALSE,702,710,8
1174,21,female  ,CS1_Positive_CS2_Negative,4.5,neitherBrand,TRUE,TRUE,TRUE,TRUE,FALSE,FALSE,FALSE,FALSE,496,551,55
842,21,female  ,CS1_Positive_CS2_Negative,3.75,Morag,TRUE,TRUE,FALSE,TRUE,FALSE,FALSE,FALSE,FALSE,595,596,1
1250,29,female  ,CS1_Positive_CS2_Negative,5.75,Morag,TRUE,TRUE,TRUE,TRUE,FALSE,FALSE,FALSE,FALSE,460,486,26
341,44,female  ,CS1_Positive_CS2_Negative,7.75,Morag,TRUE,TRUE,TRUE,TRUE,FALSE,FALSE,FALSE,FALSE,601,611,10
257,36,female  ,CS1_Positive_CS2_Negative,6.25,Morag,TRUE,TRUE,TRUE,TRUE,FALSE,FALSE,FALSE,FALSE,587,614,27
529,19,female  ,CS1_Positive_CS2_Negative,4,Morag,TRUE,TRUE,TRUE,TRUE,FALSE,FALSE,FALSE,FALSE,506,505,-1
94,27,male    ,CS1_Positive_CS2_Negative,0,Morag,TRUE,TRUE,TRUE,FALSE,FALSE,FALSE,FALSE,FALSE,476,483,7
562,26,male    ,CS1_Positive_CS2_Negative,2,Morag,TRUE,TRUE,TRUE,FALSE,FALSE,FALSE,FALSE,FALSE,567,510,-57
234,22,female  ,CS1_Positive_CS2_Negative,2,Struan,TRUE,FALSE,TRUE,TRUE,FALSE,FALSE,FALSE,FALSE,493,501,8
345,30,male    ,CS1_Positive_CS2_Negative,-1.25,neitherBrand,TRUE,TRUE,TRUE,TRUE,FALSE,FALSE,FALSE,FALSE,671,711,40
670,39,male    ,CS1_Positive_CS2_Negative,0,Morag,TRUE,TRUE,TRUE,FALSE,FALSE,FALSE,FALSE,FALSE,711,687,-24
346,19,female  ,CS1_Positive_CS2_Negative,2.5,Struan,TRUE,TRUE,TRUE,TRUE,FALSE,FALSE,FALSE,FALSE,471,476,5
702,32,female  ,CS1_Positive_CS2_Negative,0,neitherBrand,TRUE,FALSE,FALSE,FALSE,FALSE,FALSE,FALSE,FALSE,533,591,58
801,20,female  ,CS1_Positive_CS2_Negative,2.75,neitherBrand,TRUE,TRUE,TRUE,FALSE,FALSE,FALSE,FALSE,FALSE,533,544,11
838,24,female  ,CS1_Positive_CS2_Negative,0,Morag,TRUE,TRUE,FALSE,FALSE,FALSE,FALSE,FALSE,FALSE,474,446,-28
417,26,male    ,CS1_Positive_CS2_Negative,0,neitherBrand,TRUE,TRUE,TRUE,FALSE,FALSE,FALSE,FALSE,FALSE,603,604,1
510,26,male    ,CS1_Positive_CS2_Negative,0,neitherBrand,TRUE,TRUE,TRUE,FALSE,FALSE,FALSE,FALSE,FALSE,515,509,-6
613,31,female  ,CS1_Positive_CS2_Negative,9.5,Struan,TRUE,TRUE,TRUE,FALSE,FALSE,FALSE,FALSE,FALSE,581,623,42
1126,34,male    ,CS1_Positive_CS2_Negative,0,neitherBrand,TRUE,TRUE,TRUE,FALSE,FALSE,FALSE,FALSE,FALSE,587,599,12
102,22,female  ,CS1_Positive_CS2_Negative,0,neitherBrand,TRUE,TRUE,TRUE,FALSE,FALSE,FALSE,FALSE,FALSE,597,579,-18
338,24,female  ,CS1_Positive_CS2_Negative,0,Struan,TRUE,TRUE,TRUE,FALSE,FALSE,FALSE,FALSE,FALSE,577,578,1
653,28,female  ,CS1_Positive_CS2_Negative,0.25,neitherBrand,TRUE,TRUE,FALSE,FALSE,FALSE,FALSE,FALSE,FALSE,712,698,-14
422,21,male    ,CS1_Positive_CS2_Negative,-6,Struan,TRUE,FALSE,FALSE,FALSE,FALSE,FALSE,FALSE,FALSE,571,581,10
362,29,male    ,CS1_Positive_CS2_Negative,0,neitherBrand,TRUE,TRUE,TRUE,FALSE,FALSE,FALSE,FALSE,FALSE,535,591,56
677,30,male    ,CS1_Positive_CS2_Negative,9.25,Morag,TRUE,TRUE,TRUE,FALSE,FALSE,FALSE,FALSE,FALSE,462,465,3
746,23,male    ,CS1_Positive_CS2_Negative,0,neitherBrand,TRUE,FALSE,TRUE,FALSE,FALSE,FALSE,FALSE,FALSE,649,663,14
701,32,female  ,CS1_Positive_CS2_Negative,0,Struan,TRUE,TRUE,TRUE,FALSE,FALSE,FALSE,FALSE,FALSE,575,554,-21
210,29,female  ,CS1_Positive_CS2_Negative,0,neitherBrand,TRUE,FALSE,TRUE,FALSE,FALSE,FALSE,FALSE,FALSE,735,786,51
1149,37,male    ,CS1_Positive_CS2_Negative,0,Morag,TRUE,TRUE,TRUE,FALSE,FALSE,FALSE,FALSE,FALSE,579,581,2
466,37,female  ,CS1_Positive_CS2_Negative,0,Morag,TRUE,TRUE,TRUE,FALSE,FALSE,FALSE,FALSE,FALSE,602,620,18
830,20,female  ,CS1_Positive_CS2_Negative,0,Morag,TRUE,TRUE,TRUE,FALSE,FALSE,FALSE,FALSE,FALSE,580,594,14
757,43,male    ,CS1_Positive_CS2_Negative,0,Struan,TRUE,TRUE,TRUE,FALSE,FALSE,FALSE,FALSE,FALSE,505,498,-7
969,21,male    ,CS1_Positive_CS2_Negative,0,Morag,TRUE,TRUE,TRUE,FALSE,FALSE,FALSE,FALSE,FALSE,581,640,59
349,18,female  ,CS1_Positive_CS2_Negative,0,Struan,TRUE,TRUE,FALSE,FALSE,FALSE,FALSE,FALSE,FALSE,586,578,-8
522,35,female  ,CS1_Positive_CS2_Negative,3.5,Struan,TRUE,TRUE,TRUE,FALSE,FALSE,FALSE,FALSE,FALSE,612,607,-5
870,28,male    ,CS1_Positive_CS2_Negative,10,Morag,TRUE,TRUE,TRUE,FALSE,FALSE,FALSE,FALSE,FALSE,547,595,48
209,18,male    ,CS1_Positive_CS2_Negative,-5,Morag,TRUE,TRUE,TRUE,FALSE,FALSE,FALSE,FALSE,FALSE,637,643,6
1213,19,male    ,CS1_Positive_CS2_Negative,-5,Struan,TRUE,TRUE,FALSE,FALSE,FALSE,FALSE,FALSE,FALSE,618,590,-28
1018,26,female  ,CS1_Positive_CS2_Negative,1.75,neitherBrand,TRUE,TRUE,TRUE,TRUE,FALSE,FALSE,FALSE,FALSE,469,469,0
786,21,male    ,CS1_Positive_CS2_Negative,2.75,Morag,TRUE,TRUE,TRUE,TRUE,FALSE,FALSE,FALSE,FALSE,588,603,15
482,31,male    ,CS1_Positive_CS2_Negative,10,Morag,TRUE,TRUE,TRUE,TRUE,FALSE,FALSE,FALSE,FALSE,637,631,-6
190,22,female  ,CS1_Positive_CS2_Negative,7.25,Morag,TRUE,TRUE,TRUE,TRUE,FALSE,FALSE,FALSE,FALSE,578,549,-29
357,18,female  ,CS1_Positive_CS2_Negative,3.5,Struan,TRUE,TRUE,FALSE,TRUE,FALSE,FALSE,FALSE,FALSE,518,523,5
1138,22,female  ,CS1_Positive_CS2_Negative,5,Morag,TRUE,TRUE,TRUE,TRUE,FALSE,FALSE,FALSE,FALSE,598,598,0
45,28,female  ,CS1_Positive_CS2_Negative,6,Morag,TRUE,TRUE,TRUE,TRUE,FALSE,FALSE,FALSE,FALSE,606,641,35
281,21,female  ,CS1_Positive_CS2_Negative,4.75,Morag,TRUE,TRUE,TRUE,TRUE,FALSE,FALSE,FALSE,FALSE,682,681,-1
321,23,male    ,CS1_Positive_CS2_Negative,8,Morag,TRUE,TRUE,TRUE,TRUE,FALSE,FALSE,FALSE,FALSE,547,539,-8
394,18,male    ,CS1_Positive_CS2_Negative,7.75,Morag,TRUE,TRUE,TRUE,TRUE,FALSE,FALSE,FALSE,FALSE,554,578,24
1021,29,male    ,CS1_Positive_CS2_Negative,10,Morag,TRUE,TRUE,TRUE,TRUE,FALSE,FALSE,FALSE,FALSE,641,655,14
1157,45,male    ,CS1_Positive_CS2_Negative,6.5,Morag,TRUE,TRUE,TRUE,TRUE,FALSE,FALSE,FALSE,FALSE,532,555,23
449,32,male    ,CS1_Positive_CS2_Negative,5,Morag,TRUE,FALSE,TRUE,TRUE,FALSE,FALSE,FALSE,FALSE,654,635,-19
1102,18,female  ,CS1_Positive_CS2_Negative,5.25,Morag,TRUE,TRUE,TRUE,TRUE,FALSE,FALSE,FALSE,FALSE,510,502,-8
1041,36,female  ,CS1_Positive_CS2_Negative,10,Morag,TRUE,TRUE,TRUE,TRUE,FALSE,FALSE,FALSE,FALSE,611,609,-2
937,37,female  ,CS1_Positive_CS2_Negative,4.75,Morag,TRUE,FALSE,TRUE,TRUE,FALSE,FALSE,FALSE,FALSE,527,561,34
905,19,female  ,CS1_Positive_CS2_Negative,7.25,Morag,TRUE,TRUE,TRUE,TRUE,FALSE,FALSE,FALSE,FALSE,668,725,57
434,45,female  ,CS1_Positive_CS2_Negative,10,Struan,TRUE,TRUE,TRUE,TRUE,FALSE,FALSE,FALSE,FALSE,558,569,11
425,29,male    ,CS1_Positive_CS2_Negative,9.25,Morag,TRUE,TRUE,TRUE,TRUE,FALSE,FALSE,FALSE,FALSE,636,623,-13
989,20,female  ,CS1_Positive_CS2_Negative,8,Struan,TRUE,TRUE,TRUE,TRUE,FALSE,FALSE,FALSE,FALSE,476,386,-90
50,18,female  ,CS1_Positive_CS2_Negative,2.75,Morag,TRUE,TRUE,TRUE,TRUE,FALSE,FALSE,FALSE,FALSE,525,552,27
822,37,female  ,CS1_Positive_CS2_Negative,8.25,Morag,TRUE,TRUE,TRUE,TRUE,FALSE,FALSE,FALSE,FALSE,718,711,-7
669,33,male    ,CS1_Positive_CS2_Negative,10,Morag,TRUE,FALSE,TRUE,TRUE,FALSE,FALSE,FALSE,FALSE,666,697,31
778,30,female  ,CS1_Positive_CS2_Negative,3,Morag,TRUE,TRUE,TRUE,TRUE,FALSE,FALSE,FALSE,FALSE,553,564,11
1013,21,male    ,CS1_Positive_CS2_Negative,6.25,Morag,TRUE,TRUE,TRUE,TRUE,FALSE,FALSE,FALSE,FALSE,601,626,25
649,37,male    ,CS1_Positive_CS2_Negative,1,Morag,TRUE,FALSE,FALSE,TRUE,FALSE,FALSE,FALSE,FALSE,674,622,-52
722,33,female  ,CS1_Positive_CS2_Negative,8,Struan,TRUE,TRUE,TRUE,TRUE,FALSE,FALSE,FALSE,FALSE,584,531,-53
806,18,male    ,CS1_Positive_CS2_Negative,5,Morag,TRUE,TRUE,TRUE,TRUE,FALSE,FALSE,FALSE,FALSE,553,529,-24
1165,29,male    ,CS1_Positive_CS2_Negative,8.75,Morag,TRUE,TRUE,TRUE,TRUE,FALSE,FALSE,FALSE,FALSE,483,569,86
921,44,female  ,CS1_Positive_CS2_Negative,8.75,Morag,TRUE,TRUE,TRUE,TRUE,FALSE,FALSE,FALSE,FALSE,620,604,-16
462,27,female  ,CS1_Positive_CS2_Negative,6,Morag,TRUE,TRUE,TRUE,TRUE,FALSE,FALSE,FALSE,FALSE,624,582,-42
433,38,male    ,CS1_Positive_CS2_Negative,6.5,Morag,TRUE,TRUE,TRUE,TRUE,FALSE,FALSE,FALSE,FALSE,670,698,28
789,19,female  ,CS1_Positive_CS2_Negative,8,Morag,TRUE,TRUE,TRUE,TRUE,FALSE,FALSE,FALSE,FALSE,642,670,28
954,43,male    ,CS1_Positive_CS2_Negative,1,Morag,TRUE,TRUE,TRUE,TRUE,FALSE,FALSE,FALSE,FALSE,547,571,24
473,18,male    ,CS1_Positive_CS2_Negative,6,Morag,TRUE,TRUE,TRUE,TRUE,FALSE,FALSE,FALSE,TRUE,669,668,-1
70,30,male    ,CS1_Positive_CS2_Negative,6,Morag,TRUE,TRUE,TRUE,FALSE,FALSE,FALSE,FALSE,TRUE,629,634,5
829,18,male    ,CS1_Positive_CS2_Negative,-8,Struan,TRUE,TRUE,TRUE,TRUE,FALSE,FALSE,FALSE,TRUE,654,594,-60
161,21,male    ,CS1_Positive_CS2_Negative,7.5,Morag,TRUE,TRUE,TRUE,TRUE,FALSE,FALSE,FALSE,TRUE,578,566,-12
1057,33,male    ,CS1_Positive_CS2_Negative,4.75,neitherBrand,TRUE,TRUE,TRUE,TRUE,FALSE,FALSE,FALSE,TRUE,650,629,-21
633,23,male    ,CS1_Positive_CS2_Negative,10,Morag,TRUE,TRUE,TRUE,TRUE,FALSE,FALSE,FALSE,TRUE,471,457,-14
390,21,female  ,CS1_Positive_CS2_Negative,9.5,neitherBrand,TRUE,TRUE,TRUE,TRUE,FALSE,FALSE,FALSE,TRUE,521,494,-27
862,24,female  ,CS1_Positive_CS2_Negative,6.5,Morag,TRUE,TRUE,TRUE,TRUE,FALSE,FALSE,FALSE,TRUE,480,452,-28
109,35,male    ,CS1_Positive_CS2_Negative,10,Morag,TRUE,TRUE,TRUE,TRUE,FALSE,FALSE,FALSE,TRUE,524,525,1
445,24,male    ,CS1_Positive_CS2_Negative,7,neitherBrand,TRUE,TRUE,TRUE,TRUE,FALSE,FALSE,FALSE,TRUE,548,522,-26
218,41,female  ,CS1_Positive_CS2_Negative,-6.75,Struan,TRUE,TRUE,TRUE,TRUE,FALSE,FALSE,FALSE,TRUE,597,585,-12
1034,34,female  ,CS1_Positive_CS2_Negative,4.5,Morag,TRUE,FALSE,TRUE,TRUE,FALSE,FALSE,TRUE,FALSE,662,705,43
561,28,male    ,CS1_Positive_CS2_Negative,10,Morag,TRUE,TRUE,TRUE,TRUE,FALSE,FALSE,TRUE,TRUE,556,556,0
478,27,female  ,CS1_Positive_CS2_Negative,10,Morag,TRUE,TRUE,TRUE,TRUE,FALSE,FALSE,TRUE,TRUE,663,650,-13
1246,28,female  ,CS1_Positive_CS2_Negative,10,Morag,TRUE,TRUE,TRUE,TRUE,FALSE,TRUE,FALSE,TRUE,585,554,-31
101,44,male    ,CS1_Positive_CS2_Negative,0,Morag,TRUE,TRUE,TRUE,FALSE,FALSE,TRUE,FALSE,FALSE,661,687,26
154,18,male    ,CS1_Positive_CS2_Negative,0,neitherBrand,TRUE,TRUE,TRUE,FALSE,FALSE,TRUE,FALSE,FALSE,543,522,-21
354,31,female  ,CS1_Positive_CS2_Negative,2,Morag,TRUE,TRUE,TRUE,TRUE,FALSE,TRUE,FALSE,FALSE,504,497,-7
269,42,female  ,CS1_Positive_CS2_Negative,7.75,Morag,TRUE,FALSE,TRUE,TRUE,FALSE,TRUE,FALSE,FALSE,557,596,39
706,43,female  ,CS1_Positive_CS2_Negative,3.5,Morag,TRUE,TRUE,TRUE,TRUE,FALSE,TRUE,FALSE,TRUE,627,695,68
642,38,female  ,CS1_Positive_CS2_Negative,9,Morag,TRUE,TRUE,TRUE,TRUE,TRUE,FALSE,FALSE,TRUE,699,694,-5
374,37,female  ,CS1_Positive_CS2_Negative,6.25,Morag,TRUE,TRUE,TRUE,TRUE,TRUE,FALSE,FALSE,FALSE,612,680,68
790,23,female  ,CS1_Positive_CS2_Negative,6,Morag,TRUE,TRUE,TRUE,TRUE,TRUE,FALSE,FALSE,TRUE,550,530,-20
317,35,male    ,CS1_Positive_CS2_Negative,6.5,Morag,TRUE,TRUE,TRUE,TRUE,TRUE,FALSE,FALSE,FALSE,621,607,-14
62,21,male    ,CS1_Positive_CS2_Negative,3,Morag,TRUE,TRUE,TRUE,FALSE,TRUE,FALSE,FALSE,FALSE,605,617,12
690,23,female  ,CS1_Positive_CS2_Negative,8,Morag,TRUE,TRUE,TRUE,TRUE,TRUE,FALSE,FALSE,FALSE,683,665,-18
114,26,male    ,CS1_Positive_CS2_Negative,2,Morag,TRUE,TRUE,FALSE,FALSE,TRUE,FALSE,FALSE,FALSE,597,587,-10
318,32,male    ,CS1_Positive_CS2_Negative,10,Morag,TRUE,TRUE,TRUE,TRUE,TRUE,FALSE,FALSE,FALSE,593,671,78
1069,35,female  ,CS1_Positive_CS2_Negative,10,Morag,TRUE,TRUE,FALSE,TRUE,TRUE,FALSE,FALSE,TRUE,571,595,24
262,22,male    ,CS1_Positive_CS2_Negative,0,Struan,TRUE,TRUE,TRUE,TRUE,TRUE,TRUE,FALSE,FALSE,489,510,21
525,38,male    ,CS1_Positive_CS2_Negative,4.75,Struan,TRUE,FALSE,TRUE,TRUE,TRUE,TRUE,FALSE,FALSE,578,635,57
810,23,male    ,CS1_Positive_CS2_Negative,8,Morag,TRUE,FALSE,TRUE,TRUE,TRUE,TRUE,TRUE,FALSE,604,597,-7
249,22,male    ,CS1_Positive_CS2_Negative,0.25,Struan,TRUE,FALSE,FALSE,TRUE,TRUE,TRUE,TRUE,FALSE,532,563,31
673,32,male    ,CS1_Positive_CS2_Negative,10,Morag,TRUE,TRUE,TRUE,TRUE,TRUE,TRUE,TRUE,TRUE,548,569,21
286,36,female  ,CS1_Positive_CS2_Negative,-1,neitherBrand,TRUE,TRUE,TRUE,TRUE,TRUE,TRUE,TRUE,TRUE,497,500,3
729,21,male    ,CS1_Positive_CS2_Negative,10,Morag,TRUE,TRUE,TRUE,TRUE,TRUE,TRUE,TRUE,TRUE,606,608,2
805,33,male    ,CS1_Positive_CS2_Negative,5,Morag,FALSE,TRUE,FALSE,TRUE,FALSE,FALSE,FALSE,FALSE,619,627,8
1242,26,female  ,CS1_Positive_CS2_Negative,0,neitherBrand,FALSE,TRUE,TRUE,FALSE,FALSE,FALSE,FALSE,FALSE,566,578,12
834,53,female  ,CS1_Positive_CS2_Negative,2,Struan,FALSE,FALSE,TRUE,FALSE,FALSE,FALSE,FALSE,FALSE,431,437,6
1045,19,female  ,CS1_Positive_CS2_Negative,0,Struan,FALSE,TRUE,FALSE,FALSE,FALSE,FALSE,FALSE,FALSE,481,497,16
594,31,female  ,CS1_Positive_CS2_Negative,-3.5,Struan,FALSE,FALSE,FALSE,TRUE,FALSE,FALSE,FALSE,FALSE,612,623,11
770,36,male    ,CS1_Positive_CS2_Negative,-0.25,Morag,FALSE,TRUE,TRUE,TRUE,TRUE,TRUE,TRUE,TRUE,766,761,-5
129,NA,NA,NA,NA,NA,NA,NA,NA,NA,NA,NA,NA,NA,590,604,14
236,NA,NA,NA,NA,NA,NA,NA,NA,NA,NA,NA,NA,NA,692,745,53
451,NA,NA,NA,NA,NA,NA,NA,NA,NA,NA,NA,NA,NA,556,602,46
498,NA,NA,NA,NA,NA,NA,NA,NA,NA,NA,NA,NA,NA,546,534,-12
887,NA,NA,NA,NA,NA,NA,NA,NA,NA,NA,NA,NA,NA,677,686,9
