Participant,Age,Gender,source_valence_condition,IAT_Score,EC_Effect_CS1_CS2_Difference_Score,intention,color_valence_contingency_memory,US_contingency_memory,hypothesis_awareness,influence_awareness,reactance_IAT,reactance_self_reports,demand_IAT,demand_self_reports
4,23,Male    ,CS1_Positive_CS2_Negative,-0.251,0,bothMoragandStruan,FALSE,TRUE,TRUE,TRUE,FALSE,TRUE,FALSE,FALSE
7,49,Female  ,CS1_Positive_CS2_Negative,0.299,-9.75,Struan,FALSE,TRUE,FALSE,FALSE,FALSE,FALSE,TRUE,FALSE
9,42,Female  ,CS2_Positive_CS1_Negative,0.809,10,Struan,FALSE,FALSE,FALSE,FALSE,FALSE,FALSE,FALSE,TRUE
10,46,Female  ,CS2_Positive_CS1_Negative,0.899,7.5,Struan,TRUE,FALSE,TRUE,TRUE,FALSE,FALSE,FALSE,FALSE
13,46,Female  ,CS2_Positive_CS1_Negative,-0.606,-10,Morag,TRUE,TRUE,TRUE,TRUE,FALSE,FALSE,FALSE,FALSE
14,18,Female  ,CS2_Positive_CS1_Negative,-0.712,-7,bothMoragandStruan,TRUE,TRUE,FALSE,TRUE,FALSE,FALSE,FALSE,FALSE
16,27,Female  ,CS2_Positive_CS1_Negative,0.941,0,Struan,FALSE,TRUE,TRUE,TRUE,FALSE,TRUE,FALSE,FALSE
17,27,Female  ,CS1_Positive_CS2_Negative,0.682,10,neitherBrand,TRUE,TRUE,FALSE,FALSE,FALSE,FALSE,TRUE,TRUE
18,42,Male    ,CS1_Positive_CS2_Negative,-0.819,-10,bothMoragandStruan,TRUE,FALSE,TRUE,TRUE,TRUE,TRUE,FALSE,FALSE
22,20,Female  ,CS1_Positive_CS2_Negative,-0.24,-10,Idon'tknow,TRUE,FALSE,TRUE,FALSE,FALSE,FALSE,FALSE,FALSE
23,33,Female  ,CS1_Positive_CS2_Negative,-0.301,-6,Struan,TRUE,FALSE,FALSE,TRUE,FALSE,FALSE,FALSE,FALSE
28,50,Female  ,CS2_Positive_CS1_Negative,0.993,0.75,Struan,FALSE,TRUE,TRUE,FALSE,FALSE,FALSE,FALSE,FALSE
29,44,Female  ,CS2_Positive_CS1_Negative,-0.719,0,neitherBrand,TRUE,FALSE,TRUE,FALSE,FALSE,FALSE,FALSE,FALSE
30,41,Male    ,CS2_Positive_CS1_Negative,0.785,9.5,Struan,TRUE,TRUE,TRUE,TRUE,FALSE,FALSE,FALSE,FALSE
34,29,Female  ,CS1_Positive_CS2_Negative,-0.283,-2.75,neitherBrand,FALSE,TRUE,TRUE,FALSE,FALSE,FALSE,FALSE,FALSE
36,31,Female  ,CS1_Positive_CS2_Negative,-0.735,0,bothMoragandStruan,FALSE,TRUE,TRUE,FALSE,FALSE,FALSE,TRUE,TRUE
37,23,Male    ,CS1_Positive_CS2_Negative,-0.405,-7.5,Struan,TRUE,TRUE,TRUE,TRUE,TRUE,TRUE,TRUE,FALSE
38,31,Male    ,CS1_Positive_CS2_Negative,-1.184,-1,bothMoragandStruan,TRUE,TRUE,TRUE,FALSE,FALSE,FALSE,FALSE,FALSE
41,25,Male    ,CS2_Positive_CS1_Negative,-0.809,-9,Morag,TRUE,TRUE,TRUE,FALSE,FALSE,FALSE,FALSE,FALSE
43,28,Male    ,CS2_Positive_CS1_Negative,-0.142,-6.5,Morag,FALSE,FALSE,TRUE,FALSE,FALSE,FALSE,FALSE,FALSE
47,27,Female  ,CS2_Positive_CS1_Negative,-0.013,-0.75,Morag,TRUE,FALSE,TRUE,FALSE,FALSE,TRUE,FALSE,FALSE
48,36,Male    ,CS2_Positive_CS1_Negative,0.109,0,neitherBrand,FALSE,FALSE,TRUE,FALSE,FALSE,FALSE,FALSE,FALSE
50,26,Male    ,CS1_Positive_CS2_Negative,-0.877,-10,Struan,TRUE,TRUE,TRUE,FALSE,FALSE,FALSE,FALSE,FALSE
52,32,Female  ,CS1_Positive_CS2_Negative,-0.912,0,Struan,TRUE,TRUE,TRUE,TRUE,FALSE,FALSE,FALSE,FALSE
55,31,Female  ,CS1_Positive_CS2_Negative,-1.018,-5.75,Struan,TRUE,FALSE,TRUE,TRUE,FALSE,FALSE,FALSE,FALSE
56,41,Female  ,CS1_Positive_CS2_Negative,-0.691,0,Morag,FALSE,FALSE,TRUE,TRUE,FALSE,FALSE,FALSE,FALSE
59,18,Male    ,CS2_Positive_CS1_Negative,0.011,7,Struan,TRUE,FALSE,TRUE,TRUE,FALSE,TRUE,TRUE,FALSE
60,32,Male    ,CS2_Positive_CS1_Negative,-0.188,-10,Morag,TRUE,TRUE,TRUE,TRUE,FALSE,FALSE,FALSE,FALSE
61,18,Male    ,CS2_Positive_CS1_Negative,0.067,-1,bothMoragandStruan,TRUE,TRUE,TRUE,FALSE,FALSE,TRUE,FALSE,FALSE
62,29,Female  ,CS2_Positive_CS1_Negative,-1.088,-7.75,Morag,TRUE,TRUE,TRUE,TRUE,FALSE,FALSE,TRUE,FALSE
64,41,Male    ,CS2_Positive_CS1_Negative,0.184,-4,neitherBrand,TRUE,FALSE,TRUE,FALSE,FALSE,FALSE,FALSE,FALSE
67,43,Female  ,CS1_Positive_CS2_Negative,-0.989,-10,Struan,TRUE,TRUE,TRUE,TRUE,FALSE,FALSE,FALSE,FALSE
71,27,Male    ,CS1_Positive_CS2_Negative,0.624,0.5,Idon'tknow,FALSE,TRUE,TRUE,FALSE,FALSE,TRUE,FALSE,FALSE
72,25,Female  ,CS1_Positive_CS2_Negative,-0.735,-3,bothMoragandStruan,TRUE,TRUE,TRUE,TRUE,FALSE,FALSE,FALSE,FALSE
74,50,Male    ,CS2_Positive_CS1_Negative,-0.239,-6,neitherBrand,TRUE,TRUE,TRUE,TRUE,FALSE,FALSE,FALSE,FALSE
76,26,Female  ,CS2_Positive_CS1_Negative,-0.188,10,bothMoragandStruan,TRUE,FALSE,FALSE,FALSE,FALSE,FALSE,FALSE,TRUE
77,24,Female  ,CS2_Positive_CS1_Negative,-0.688,-7,Morag,TRUE,TRUE,TRUE,FALSE,FALSE,FALSE,FALSE,FALSE
78,33,Male    ,CS2_Positive_CS1_Negative,-0.386,-1.5,neitherBrand,TRUE,TRUE,FALSE,FALSE,TRUE,TRUE,TRUE,TRUE
80,43,Male    ,CS2_Positive_CS1_Negative,-0.068,-0.25,bothMoragandStruan,FALSE,TRUE,TRUE,FALSE,FALSE,TRUE,FALSE,FALSE
81,43,Male    ,CS1_Positive_CS2_Negative,0.198,0,Morag,FALSE,FALSE,TRUE,FALSE,FALSE,FALSE,FALSE,FALSE
85,33,Male    ,CS1_Positive_CS2_Negative,0.632,0,Struan,FALSE,TRUE,TRUE,FALSE,FALSE,FALSE,FALSE,FALSE
86,33,Male    ,CS1_Positive_CS2_Negative,-0.293,6.25,Struan,FALSE,TRUE,TRUE,FALSE,FALSE,FALSE,FALSE,FALSE
87,46,Female  ,CS1_Positive_CS2_Negative,0.341,-3.5,Struan,FALSE,FALSE,TRUE,FALSE,FALSE,FALSE,FALSE,FALSE
88,49,Male    ,CS1_Positive_CS2_Negative,0.107,0,neitherBrand,FALSE,FALSE,TRUE,FALSE,TRUE,TRUE,FALSE,FALSE
89,32,Male    ,CS2_Positive_CS1_Negative,-1.048,-10,Morag,TRUE,TRUE,TRUE,TRUE,FALSE,FALSE,FALSE,FALSE
90,23,Male    ,CS2_Positive_CS1_Negative,-0.093,0,Idon'tknow,FALSE,TRUE,TRUE,FALSE,FALSE,FALSE,FALSE,FALSE
91,35,Female  ,CS2_Positive_CS1_Negative,0.057,-1.75,Morag,FALSE,FALSE,FALSE,FALSE,TRUE,FALSE,TRUE,FALSE
93,36,Female  ,CS2_Positive_CS1_Negative,-0.462,-1,neitherBrand,FALSE,FALSE,TRUE,FALSE,FALSE,FALSE,FALSE,FALSE
96,22,Male    ,CS2_Positive_CS1_Negative,0.475,6,Idon'tknow,TRUE,TRUE,TRUE,TRUE,FALSE,FALSE,FALSE,FALSE
97,45,Female  ,CS1_Positive_CS2_Negative,-0.601,-9.5,Struan,TRUE,TRUE,TRUE,TRUE,FALSE,FALSE,FALSE,FALSE
98,20,Male    ,CS1_Positive_CS2_Negative,-1.01,-1.25,neitherBrand,TRUE,FALSE,FALSE,FALSE,FALSE,FALSE,FALSE,FALSE
110,24,Male    ,CS2_Positive_CS1_Negative,0.694,0,neitherBrand,FALSE,FALSE,TRUE,FALSE,FALSE,FALSE,FALSE,FALSE
116,41,Female  ,CS1_Positive_CS2_Negative,-0.364,0,Struan,FALSE,TRUE,TRUE,FALSE,FALSE,FALSE,FALSE,FALSE
126,22,Female  ,CS2_Positive_CS1_Negative,0.624,-1,Struan,FALSE,TRUE,TRUE,FALSE,FALSE,FALSE,FALSE,FALSE
127,29,Male    ,CS2_Positive_CS1_Negative,-0.335,0.25,Idon'tknow,FALSE,TRUE,TRUE,TRUE,FALSE,FALSE,FALSE,FALSE
132,30,Female  ,CS1_Positive_CS2_Negative,0.281,0,bothMoragandStruan,TRUE,TRUE,TRUE,FALSE,FALSE,FALSE,FALSE,FALSE
134,41,Female  ,CS1_Positive_CS2_Negative,-0.644,-10,neitherBrand,TRUE,TRUE,TRUE,TRUE,FALSE,FALSE,FALSE,FALSE
136,45,Male    ,CS2_Positive_CS1_Negative,-0.288,-0.75,bothMoragandStruan,FALSE,TRUE,FALSE,FALSE,TRUE,FALSE,TRUE,TRUE
137,25,Female  ,CS2_Positive_CS1_Negative,-0.215,-8.75,neitherBrand,TRUE,TRUE,FALSE,TRUE,FALSE,FALSE,FALSE,FALSE
138,46,Female  ,CS2_Positive_CS1_Negative,-0.44,-6,Morag,TRUE,TRUE,TRUE,TRUE,FALSE,TRUE,FALSE,FALSE
139,36,Female  ,CS2_Positive_CS1_Negative,-0.464,-5.5,Morag,TRUE,TRUE,TRUE,FALSE,TRUE,FALSE,FALSE,FALSE
142,31,Female  ,CS2_Positive_CS1_Negative,1.019,10,Struan,TRUE,TRUE,TRUE,TRUE,FALSE,FALSE,FALSE,FALSE
143,26,Male    ,CS2_Positive_CS1_Negative,0.464,5,Struan,FALSE,FALSE,TRUE,TRUE,FALSE,FALSE,FALSE,FALSE
146,26,Male    ,CS1_Positive_CS2_Negative,-0.046,0,bothMoragandStruan,FALSE,TRUE,TRUE,FALSE,FALSE,FALSE,TRUE,FALSE
150,29,Female  ,CS1_Positive_CS2_Negative,-0.837,-10,Struan,TRUE,TRUE,TRUE,TRUE,FALSE,FALSE,FALSE,FALSE
153,25,Male    ,CS2_Positive_CS1_Negative,-1.288,-8,Morag,TRUE,FALSE,TRUE,TRUE,FALSE,FALSE,FALSE,FALSE
155,46,Female  ,CS2_Positive_CS1_Negative,-0.631,0,neitherBrand,FALSE,TRUE,TRUE,FALSE,FALSE,FALSE,FALSE,FALSE
160,24,Female  ,CS2_Positive_CS1_Negative,0.878,-0.75,bothMoragandStruan,FALSE,FALSE,FALSE,FALSE,FALSE,TRUE,FALSE,FALSE
163,27,Female  ,CS1_Positive_CS2_Negative,0.849,6.5,Morag,FALSE,FALSE,TRUE,TRUE,FALSE,FALSE,TRUE,TRUE
165,39,Male    ,CS1_Positive_CS2_Negative,-0.164,0.75,Morag,FALSE,TRUE,FALSE,FALSE,FALSE,FALSE,FALSE,FALSE
166,43,Female  ,CS1_Positive_CS2_Negative,-0.414,-6,Struan,TRUE,FALSE,FALSE,FALSE,FALSE,FALSE,FALSE,FALSE
167,29,Male    ,CS1_Positive_CS2_Negative,-0.333,1,Morag,TRUE,TRUE,TRUE,FALSE,FALSE,FALSE,FALSE,FALSE
173,33,Female  ,CS2_Positive_CS1_Negative,-0.775,-10,Idon'tknow,TRUE,TRUE,TRUE,TRUE,FALSE,FALSE,FALSE,FALSE
179,23,Female  ,CS1_Positive_CS2_Negative,0.435,5,neitherBrand,FALSE,TRUE,FALSE,FALSE,FALSE,FALSE,FALSE,FALSE
182,27,Male    ,CS1_Positive_CS2_Negative,0.922,0,Struan,TRUE,TRUE,TRUE,FALSE,TRUE,TRUE,TRUE,FALSE
186,26,Male    ,CS2_Positive_CS1_Negative,-0.439,-10,Morag,TRUE,TRUE,TRUE,TRUE,FALSE,FALSE,FALSE,TRUE
187,18,Female  ,CS2_Positive_CS1_Negative,-0.525,-7.25,Morag,FALSE,TRUE,TRUE,FALSE,FALSE,FALSE,FALSE,FALSE
188,45,Female  ,CS2_Positive_CS1_Negative,-0.442,-1.75,bothMoragandStruan,FALSE,FALSE,TRUE,FALSE,FALSE,FALSE,FALSE,FALSE
189,23,Male    ,CS2_Positive_CS1_Negative,0.322,2.75,Struan,FALSE,FALSE,FALSE,FALSE,TRUE,FALSE,TRUE,TRUE
190,41,Male    ,CS2_Positive_CS1_Negative,-0.301,-10,Morag,TRUE,TRUE,TRUE,TRUE,FALSE,FALSE,FALSE,FALSE
191,43,Female  ,CS2_Positive_CS1_Negative,-1.189,-6,neitherBrand,TRUE,TRUE,TRUE,TRUE,FALSE,FALSE,FALSE,FALSE
193,32,Female  ,CS1_Positive_CS2_Negative,-0.326,-10,Struan,TRUE,TRUE,TRUE,TRUE,FALSE,FALSE,FALSE,FALSE
194,22,Female  ,CS1_Positive_CS2_Negative,-0.774,-0.75,Struan,TRUE,FALSE,FALSE,FALSE,FALSE,FALSE,FALSE,FALSE
195,34,Female  ,CS1_Positive_CS2_Negative,-0.635,-6,Struan,TRUE,TRUE,TRUE,TRUE,FALSE,FALSE,FALSE,FALSE
196,50,Female  ,CS1_Positive_CS2_Negative,0.067,0,Idon'tknow,TRUE,TRUE,FALSE,FALSE,FALSE,FALSE,FALSE,FALSE
197,49,Female  ,CS1_Positive_CS2_Negative,-0.758,-10,Struan,TRUE,TRUE,TRUE,TRUE,FALSE,FALSE,FALSE,FALSE
199,30,Male    ,CS1_Positive_CS2_Negative,-0.04,-8,Struan,TRUE,TRUE,TRUE,TRUE,FALSE,FALSE,TRUE,TRUE
201,42,Male    ,CS2_Positive_CS1_Negative,-0.133,-1.75,Struan,FALSE,FALSE,TRUE,FALSE,FALSE,TRUE,TRUE,TRUE
206,26,Female  ,CS2_Positive_CS1_Negative,-0.597,-6,Morag,TRUE,TRUE,TRUE,TRUE,FALSE,FALSE,FALSE,FALSE
210,25,Female  ,CS1_Positive_CS2_Negative,-0.207,-9,Struan,TRUE,TRUE,TRUE,FALSE,FALSE,FALSE,FALSE,TRUE
211,32,Female  ,CS1_Positive_CS2_Negative,0.055,4,neitherBrand,TRUE,TRUE,TRUE,TRUE,FALSE,FALSE,FALSE,FALSE
212,22,Male    ,CS1_Positive_CS2_Negative,0.273,-2.75,Morag,FALSE,FALSE,TRUE,TRUE,FALSE,FALSE,FALSE,FALSE
216,29,Female  ,CS1_Positive_CS2_Negative,-0.903,0,Idon'tknow,TRUE,TRUE,TRUE,FALSE,FALSE,FALSE,FALSE,FALSE
217,36,Female  ,CS2_Positive_CS1_Negative,-0.634,0,neitherBrand,TRUE,FALSE,TRUE,FALSE,TRUE,TRUE,FALSE,FALSE
218,37,Male    ,CS2_Positive_CS1_Negative,0.316,8.75,Struan,TRUE,TRUE,TRUE,TRUE,FALSE,FALSE,FALSE,FALSE
219,32,Female  ,CS2_Positive_CS1_Negative,-0.661,0,bothMoragandStruan,TRUE,FALSE,TRUE,FALSE,FALSE,FALSE,FALSE,FALSE
220,32,Female  ,CS2_Positive_CS1_Negative,-0.471,-2.5,bothMoragandStruan,TRUE,TRUE,TRUE,TRUE,FALSE,FALSE,FALSE,FALSE
221,31,Male    ,CS2_Positive_CS1_Negative,-0.346,-8,Morag,TRUE,TRUE,TRUE,TRUE,FALSE,FALSE,FALSE,FALSE
222,22,Female  ,CS2_Positive_CS1_Negative,0.519,3,Morag,FALSE,TRUE,TRUE,FALSE,FALSE,FALSE,FALSE,FALSE
228,31,Male    ,CS1_Positive_CS2_Negative,-0.522,0,Struan,FALSE,FALSE,FALSE,FALSE,FALSE,FALSE,FALSE,FALSE
230,23,Male    ,CS1_Positive_CS2_Negative,0.32,4.25,Morag,TRUE,TRUE,TRUE,TRUE,FALSE,FALSE,FALSE,FALSE
231,23,Male    ,CS1_Positive_CS2_Negative,-0.12,-10,Struan,TRUE,FALSE,TRUE,TRUE,FALSE,FALSE,FALSE,FALSE
238,31,Female  ,CS2_Positive_CS1_Negative,0.609,10,Struan,TRUE,FALSE,TRUE,TRUE,FALSE,FALSE,FALSE,FALSE
